StartDevice,StartPort,EndDevice,EndPort,BandWidth,VlanID,VlanMode

str-aos7710-11,Ethernet 1/2,str-acs-serv-02-1,ens2f0,100000,,Trunk
str-aos7710-11,Ethernet 1/4,str-acs-serv-02-2,ens4f0,100000,,Trunk



as7816-64x,Ethernet0,str-aos7710-10,Ethernet 1/1,100000,1681,Access
as7816-64x,Ethernet4,str-aos7710-10,Ethernet 1/2,100000,1682,Access
as7816-64x,Ethernet8,str-aos7710-10,Ethernet 1/3,100000,1683,Access
as7816-64x,Ethernet12,str-aos7710-10,Ethernet 1/4,100000,1684,Access
as7816-64x,Ethernet16,str-aos7710-10,Ethernet 1/5,100000,1685,Access
as7816-64x,Ethernet20,str-aos7710-10,Ethernet 1/6,100000,1686,Access
as7816-64x,Ethernet24,str-aos7710-10,Ethernet 1/7,100000,1687,Access
as7816-64x,Ethernet28,str-aos7710-10,Ethernet 1/8,100000,1688,Access
as7816-64x,Ethernet32,str-aos7710-10,Ethernet 1/9,100000,1689,Access
as7816-64x,Ethernet36,str-aos7710-10,Ethernet 1/10,100000,1690,Access
as7816-64x,Ethernet40,str-aos7710-10,Ethernet 1/11,100000,1691,Access
as7816-64x,Ethernet44,str-aos7710-10,Ethernet 1/12,100000,1692,Access
as7816-64x,Ethernet48,str-aos7710-10,Ethernet 1/13,100000,1693,Access
as7816-64x,Ethernet52,str-aos7710-10,Ethernet 1/14,100000,1694,Access
as7816-64x,Ethernet56,str-aos7710-10,Ethernet 1/15,100000,1695,Access
as7816-64x,Ethernet60,str-aos7710-10,Ethernet 1/16,100000,1696,Access
as7816-64x,Ethernet64,str-aos7710-10,Ethernet 1/17,100000,1697,Access
as7816-64x,Ethernet68,str-aos7710-10,Ethernet 1/18,100000,1698,Access
as7816-64x,Ethernet72,str-aos7710-10,Ethernet 1/19,100000,1699,Access
as7816-64x,Ethernet76,str-aos7710-10,Ethernet 1/20,100000,1700,Access
as7816-64x,Ethernet80,str-aos7710-10,Ethernet 1/21,100000,1701,Access
as7816-64x,Ethernet84,str-aos7710-10,Ethernet 1/22,100000,1702,Access
as7816-64x,Ethernet88,str-aos7710-10,Ethernet 1/23,100000,1703,Access
as7816-64x,Ethernet92,str-aos7710-10,Ethernet 1/24,100000,1704,Access
as7816-64x,Ethernet96,str-aos7710-11,Ethernet 1/25,100000,1705,Access
as7816-64x,Ethernet100,str-aos7710-10,Ethernet 1/26,100000,1706,Access
as7816-64x,Ethernet104,str-aos7710-10,Ethernet 1/27,100000,1707,Access
as7816-64x,Ethernet108,str-aos7710-10,Ethernet 1/28,100000,1708,Access
as7816-64x,Ethernet112,str-aos7710-10,Ethernet 1/29,100000,1709,Access
as7816-64x,Ethernet116,str-aos7710-10,Ethernet 1/30,100000,1710,Access
as7816-64x,Ethernet120,str-aos7710-10,Ethernet 1/31,100000,1711,Access
as7816-64x,Ethernet124,str-aos7710-10,Ethernet 1/32,100000,1712,Access
as7816-64x,Ethernet128,str-aos7710-09,Ethernet 1/1,100000,1713,Access
as7816-64x,Ethernet132,str-aos7710-09,Ethernet 1/2,100000,1714,Access
as7816-64x,Ethernet136,str-aos7710-09,Ethernet 1/3,100000,1715,Access
as7816-64x,Ethernet140,str-aos7710-09,Ethernet 1/4,100000,1716,Access
as7816-64x,Ethernet144,str-aos7710-09,Ethernet 1/5,100000,1717,Access
as7816-64x,Ethernet148,str-aos7710-09,Ethernet 1/6,100000,1718,Access
as7816-64x,Ethernet152,str-aos7710-09,Ethernet 1/7,100000,1719,Access
as7816-64x,Ethernet156,str-aos7710-09,Ethernet 1/8,100000,1720,Access
as7816-64x,Ethernet160,str-aos7710-09,Ethernet 1/9,100000,1721,Access
as7816-64x,Ethernet164,str-aos7710-09,Ethernet 1/10,100000,1722,Access
as7816-64x,Ethernet168,str-aos7710-09,Ethernet 1/11,100000,1723,Access
as7816-64x,Ethernet172,str-aos7710-09,Ethernet 1/12,100000,1724,Access
as7816-64x,Ethernet176,str-aos7710-09,Ethernet 1/13,100000,1725,Access
as7816-64x,Ethernet180,str-aos7710-09,Ethernet 1/14,100000,1726,Access
as7816-64x,Ethernet184,str-aos7710-09,Ethernet 1/15,100000,1727,Access
as7816-64x,Ethernet188,str-aos7710-09,Ethernet 1/16,100000,1728,Access
as7816-64x,Ethernet192,str-aos7710-09,Ethernet 1/17,100000,1729,Access
as7816-64x,Ethernet196,str-aos7710-09,Ethernet 1/18,100000,1730,Access
as7816-64x,Ethernet200,str-aos7710-09,Ethernet 1/19,100000,1731,Access
as7816-64x,Ethernet204,str-aos7710-09,Ethernet 1/20,100000,1732,Access
as7816-64x,Ethernet208,str-aos7710-09,Ethernet 1/21,100000,1733,Access
as7816-64x,Ethernet212,str-aos7710-09,Ethernet 1/22,100000,1734,Access
as7816-64x,Ethernet216,str-aos7710-09,Ethernet 1/23,100000,1735,Access
as7816-64x,Ethernet220,str-aos7710-09,Ethernet 1/24,100000,1736,Access
as7816-64x,Ethernet224,str-aos7710-11,Ethernet 1/27,100000,1737,Access
as7816-64x,Ethernet228,str-aos7710-09,Ethernet 1/26,100000,1738,Access
as7816-64x,Ethernet232,str-aos7710-09,Ethernet 1/27,100000,1739,Access
as7816-64x,Ethernet236,str-aos7710-09,Ethernet 1/28,100000,1740,Access
as7816-64x,Ethernet240,str-aos7710-09,Ethernet 1/29,100000,1741,Access
as7816-64x,Ethernet244,str-aos7710-09,Ethernet 1/30,100000,1742,Access
as7816-64x,Ethernet248,str-aos7710-09,Ethernet 1/31,100000,1743,Access
as7816-64x,Ethernet252,str-aos7710-09,Ethernet 1/32,100000,1744,Access
str-aos7710-11,Ethernet 1/19,str-aos7710-10,Ethernet 1/25,100000,1681-1712,Trunk
str-aos7710-11,Ethernet 1/21,str-aos7710-09,Ethernet 1/25,100000,1713-1744,Trunk

as7816-64x-3,Ethernet0,str-aos7710-43,Ethernet 1/1,100000,3289,Access
as7816-64x-3,Ethernet4,str-aos7710-43,Ethernet 1/2,100000,3290,Access
as7816-64x-3,Ethernet8,str-aos7710-43,Ethernet 1/3,100000,3291,Access
as7816-64x-3,Ethernet12,str-aos7710-43,Ethernet 1/4,100000,3292,Access
as7816-64x-3,Ethernet16,str-aos7710-43,Ethernet 1/5,100000,3293,Access
as7816-64x-3,Ethernet20,str-aos7710-43,Ethernet 1/6,100000,3294,Access
as7816-64x-3,Ethernet24,str-aos7710-43,Ethernet 1/7,100000,3295,Access
as7816-64x-3,Ethernet28,str-aos7710-43,Ethernet 1/8,100000,3296,Access
as7816-64x-3,Ethernet32,str-aos7710-43,Ethernet 1/9,100000,3297,Access
as7816-64x-3,Ethernet36,str-aos7710-43,Ethernet 1/10,100000,3298,Access
as7816-64x-3,Ethernet40,str-aos7710-43,Ethernet 1/11,100000,3299,Access
as7816-64x-3,Ethernet44,str-aos7710-43,Ethernet 1/12,100000,3300,Access
as7816-64x-3,Ethernet48,str-aos7710-43,Ethernet 1/13,100000,3301,Access
as7816-64x-3,Ethernet52,str-aos7710-43,Ethernet 1/14,100000,3302,Access
as7816-64x-3,Ethernet56,str-aos7710-43,Ethernet 1/15,100000,3303,Access
as7816-64x-3,Ethernet60,str-aos7710-43,Ethernet 1/16,100000,3304,Access
as7816-64x-3,Ethernet64,str-aos7710-43,Ethernet 1/17,100000,3305,Access
as7816-64x-3,Ethernet68,str-aos7710-43,Ethernet 1/18,100000,3306,Access
as7816-64x-3,Ethernet72,str-aos7710-43,Ethernet 1/19,100000,3307,Access
as7816-64x-3,Ethernet76,str-aos7710-43,Ethernet 1/20,100000,3308,Access
as7816-64x-3,Ethernet80,str-aos7710-43,Ethernet 1/21,100000,3309,Access
as7816-64x-3,Ethernet84,str-aos7710-43,Ethernet 1/22,100000,3310,Access
as7816-64x-3,Ethernet88,str-aos7710-43,Ethernet 1/23,100000,3311,Access
as7816-64x-3,Ethernet92,str-aos7710-43,Ethernet 1/24,100000,3312,Access
as7816-64x-3,Ethernet96,str-aos7710-40,Ethernet 1/11,100000,3313,Access
as7816-64x-3,Ethernet100,str-aos7710-43,Ethernet 1/26,100000,3314,Access
as7816-64x-3,Ethernet104,str-aos7710-43,Ethernet 1/27,100000,3315,Access
as7816-64x-3,Ethernet108,str-aos7710-43,Ethernet 1/28,100000,3316,Access
as7816-64x-3,Ethernet112,str-aos7710-43,Ethernet 1/29,100000,3317,Access
as7816-64x-3,Ethernet116,str-aos7710-43,Ethernet 1/30,100000,3318,Access
as7816-64x-3,Ethernet120,str-aos7710-43,Ethernet 1/31,100000,3319,Access
as7816-64x-3,Ethernet124,str-aos7710-43,Ethernet 1/32,100000,3320,Access
as7816-64x-3,Ethernet128,str-aos7710-44,Ethernet 1/1,100000,3321,Access
as7816-64x-3,Ethernet132,str-aos7710-44,Ethernet 1/2,100000,3322,Access
as7816-64x-3,Ethernet136,str-aos7710-44,Ethernet 1/3,100000,3323,Access
as7816-64x-3,Ethernet140,str-aos7710-44,Ethernet 1/4,100000,3324,Access
as7816-64x-3,Ethernet144,str-aos7710-44,Ethernet 1/5,100000,3325,Access
as7816-64x-3,Ethernet148,str-aos7710-44,Ethernet 1/6,100000,3326,Access
as7816-64x-3,Ethernet152,str-aos7710-44,Ethernet 1/7,100000,3327,Access
as7816-64x-3,Ethernet156,str-aos7710-44,Ethernet 1/8,100000,3328,Access
as7816-64x-3,Ethernet160,str-aos7710-44,Ethernet 1/9,100000,3329,Access
as7816-64x-3,Ethernet164,str-aos7710-44,Ethernet 1/10,100000,3330,Access
as7816-64x-3,Ethernet168,str-aos7710-44,Ethernet 1/11,100000,3331,Access
as7816-64x-3,Ethernet172,str-aos7710-44,Ethernet 1/12,100000,3332,Access
as7816-64x-3,Ethernet176,str-aos7710-44,Ethernet 1/13,100000,3333,Access
as7816-64x-3,Ethernet180,str-aos7710-44,Ethernet 1/14,100000,3334,Access
as7816-64x-3,Ethernet184,str-aos7710-44,Ethernet 1/15,100000,3335,Access
as7816-64x-3,Ethernet188,str-aos7710-44,Ethernet 1/16,100000,3336,Access
as7816-64x-3,Ethernet192,str-aos7710-44,Ethernet 1/17,100000,3337,Access
as7816-64x-3,Ethernet196,str-aos7710-44,Ethernet 1/18,100000,3338,Access
as7816-64x-3,Ethernet200,str-aos7710-44,Ethernet 1/19,100000,3339,Access
as7816-64x-3,Ethernet204,str-aos7710-44,Ethernet 1/20,100000,3340,Access
as7816-64x-3,Ethernet208,str-aos7710-44,Ethernet 1/21,100000,3341,Access
as7816-64x-3,Ethernet212,str-aos7710-44,Ethernet 1/22,100000,3342,Access
as7816-64x-3,Ethernet216,str-aos7710-44,Ethernet 1/23,100000,3343,Access
as7816-64x-3,Ethernet220,str-aos7710-44,Ethernet 1/24,100000,3344,Access
as7816-64x-3,Ethernet224,str-aos7710-40,Ethernet 1/13,100000,3345,Access
as7816-64x-3,Ethernet228,str-aos7710-44,Ethernet 1/26,100000,3346,Access
as7816-64x-3,Ethernet232,str-aos7710-44,Ethernet 1/27,100000,3347,Access
as7816-64x-3,Ethernet236,str-aos7710-44,Ethernet 1/28,100000,3348,Access
as7816-64x-3,Ethernet240,str-aos7710-44,Ethernet 1/29,100000,3349,Access
as7816-64x-3,Ethernet244,str-aos7710-44,Ethernet 1/30,100000,3350,Access
as7816-64x-3,Ethernet248,str-aos7710-44,Ethernet 1/31,100000,3351,Access
as7816-64x-3,Ethernet252,str-aos7710-44,Ethernet 1/32,100000,3352,Access
str-aos7710-40,Ethernet 1/12,str-aos7710-43,Ethernet 1/25,100000,3289-3320,Trunk
str-aos7710-40,Ethernet 1/14,str-aos7710-44,Ethernet 1/25,100000,3321-3352,Trunk

as7326-56x,Ethernet0,str-aos7710-08,Ethernet 1/33,25000,2001,Access
as7326-56x,Ethernet1,str-aos7710-08,Ethernet 1/34,25000,2002,Access
as7326-56x,Ethernet2,str-aos7710-08,Ethernet 1/35,25000,2003,Access
as7326-56x,Ethernet3,str-aos7710-08,Ethernet 1/36,25000,2004,Access
as7326-56x,Ethernet4,str-aos7710-08,Ethernet 1/37,25000,2005,Access
as7326-56x,Ethernet5,str-aos7710-08,Ethernet 1/38,25000,2006,Access
as7326-56x,Ethernet6,str-aos7710-08,Ethernet 1/39,25000,2007,Access
as7326-56x,Ethernet7,str-aos7710-08,Ethernet 1/40,25000,2008,Access
as7326-56x,Ethernet8,str-aos7710-08,Ethernet 1/41,25000,2009,Access
as7326-56x,Ethernet9,str-aos7710-08,Ethernet 1/42,25000,2010,Access
as7326-56x,Ethernet10,str-aos7710-08,Ethernet 1/43,25000,2011,Access
as7326-56x,Ethernet11,str-aos7710-08,Ethernet 1/44,25000,2012,Access
as7326-56x,Ethernet12,str-aos7710-08,Ethernet 1/45,25000,2013,Access
as7326-56x,Ethernet13,str-aos7710-08,Ethernet 1/46,25000,2014,Access
as7326-56x,Ethernet14,str-aos7710-08,Ethernet 1/47,25000,2015,Access
as7326-56x,Ethernet15,str-aos7710-08,Ethernet 1/48,25000,2016,Access
as7326-56x,Ethernet16,str-aos7710-08,Ethernet 1/49,25000,2017,Access
as7326-56x,Ethernet17,str-aos7710-08,Ethernet 1/50,25000,2018,Access
as7326-56x,Ethernet18,str-aos7710-08,Ethernet 1/51,25000,2019,Access
as7326-56x,Ethernet19,str-aos7710-08,Ethernet 1/52,25000,2020,Access
as7326-56x,Ethernet20,str-aos7710-08,Ethernet 1/53,25000,2021,Access
as7326-56x,Ethernet21,str-aos7710-08,Ethernet 1/54,25000,2022,Access
as7326-56x,Ethernet22,str-aos7710-08,Ethernet 1/55,25000,2023,Access
as7326-56x,Ethernet23,str-aos7710-08,Ethernet 1/56,25000,2024,Access
as7326-56x,Ethernet24,str-aos7710-08,Ethernet 1/57,25000,2025,Access
as7326-56x,Ethernet25,str-aos7710-08,Ethernet 1/58,25000,2026,Access
as7326-56x,Ethernet26,str-aos7710-08,Ethernet 1/59,25000,2027,Access
as7326-56x,Ethernet27,str-aos7710-08,Ethernet 1/60,25000,2028,Access
as7326-56x,Ethernet28,str-aos7710-08,Ethernet 1/61,25000,2029,Access
as7326-56x,Ethernet29,str-aos7710-08,Ethernet 1/62,25000,2030,Access
as7326-56x,Ethernet30,str-aos7710-08,Ethernet 1/63,25000,2031,Access
as7326-56x,Ethernet31,str-aos7710-08,Ethernet 1/64,25000,2032,Access
as7326-56x,Ethernet32,str-aos7710-08,Ethernet 1/65,25000,2033,Access
as7326-56x,Ethernet33,str-aos7710-08,Ethernet 1/66,25000,2034,Access
as7326-56x,Ethernet34,str-aos7710-08,Ethernet 1/67,25000,2035,Access
as7326-56x,Ethernet35,str-aos7710-08,Ethernet 1/68,25000,2036,Access
as7326-56x,Ethernet36,str-aos7710-08,Ethernet 1/69,25000,2037,Access
as7326-56x,Ethernet37,str-aos7710-08,Ethernet 1/70,25000,2038,Access
as7326-56x,Ethernet38,str-aos7710-08,Ethernet 1/71,25000,2039,Access
as7326-56x,Ethernet39,str-aos7710-08,Ethernet 1/72,25000,2040,Access
as7326-56x,Ethernet40,str-aos7710-08,Ethernet 1/73,25000,2041,Access
as7326-56x,Ethernet41,str-aos7710-08,Ethernet 1/74,25000,2042,Access
as7326-56x,Ethernet42,str-aos7710-08,Ethernet 1/75,25000,2043,Access
as7326-56x,Ethernet43,str-aos7710-08,Ethernet 1/76,25000,2044,Access
as7326-56x,Ethernet44,str-aos7710-08,Ethernet 1/77,25000,2045,Access
as7326-56x,Ethernet45,str-aos7710-08,Ethernet 1/78,25000,2046,Access
as7326-56x,Ethernet46,str-aos7710-08,Ethernet 1/79,25000,2047,Access
as7326-56x,Ethernet47,str-aos7710-08,Ethernet 1/80,25000,2048,Access
as7326-56x,Ethernet48,str-aos7710-08,Ethernet 1/13,100000,2049,Access
as7326-56x,Ethernet52,str-aos7710-08,Ethernet 1/14,100000,2050,Access
as7326-56x,Ethernet56,str-aos7710-08,Ethernet 1/15,100000,2051,Access
as7326-56x,Ethernet60,str-aos7710-08,Ethernet 1/16,100000,2052,Access
as7326-56x,Ethernet64,str-aos7710-08,Ethernet 1/17,100000,2053,Access
as7326-56x,Ethernet68,str-aos7710-08,Ethernet 1/18,100000,2054,Access
as7326-56x,Ethernet72,str-aos7710-08,Ethernet 1/19,100000,2055,Access
as7326-56x,Ethernet76,str-aos7710-08,Ethernet 1/20,100000,2056,Access
str-aos7710-11,Ethernet 1/23,str-aos7710-08,Ethernet 1/25,100000,2001-2056,Trunk

as7326-56x-3,Ethernet0,str-aos7710-42,Ethernet 1/33,25000,3233,Access
as7326-56x-3,Ethernet1,str-aos7710-42,Ethernet 1/34,25000,3234,Access
as7326-56x-3,Ethernet2,str-aos7710-42,Ethernet 1/35,25000,3235,Access
as7326-56x-3,Ethernet3,str-aos7710-42,Ethernet 1/36,25000,3236,Access
as7326-56x-3,Ethernet4,str-aos7710-42,Ethernet 1/37,25000,3237,Access
as7326-56x-3,Ethernet5,str-aos7710-42,Ethernet 1/38,25000,3238,Access
as7326-56x-3,Ethernet6,str-aos7710-42,Ethernet 1/39,25000,3239,Access
as7326-56x-3,Ethernet7,str-aos7710-42,Ethernet 1/40,25000,3240,Access
as7326-56x-3,Ethernet8,str-aos7710-42,Ethernet 1/41,25000,3241,Access
as7326-56x-3,Ethernet9,str-aos7710-42,Ethernet 1/42,25000,3242,Access
as7326-56x-3,Ethernet10,str-aos7710-42,Ethernet 1/43,25000,3243,Access
as7326-56x-3,Ethernet11,str-aos7710-42,Ethernet 1/44,25000,3244,Access
as7326-56x-3,Ethernet12,str-aos7710-42,Ethernet 1/45,25000,3245,Access
as7326-56x-3,Ethernet13,str-aos7710-42,Ethernet 1/46,25000,3246,Access
as7326-56x-3,Ethernet14,str-aos7710-42,Ethernet 1/47,25000,3247,Access
as7326-56x-3,Ethernet15,str-aos7710-42,Ethernet 1/48,25000,3248,Access
as7326-56x-3,Ethernet16,str-aos7710-42,Ethernet 1/49,25000,3249,Access
as7326-56x-3,Ethernet17,str-aos7710-42,Ethernet 1/50,25000,3250,Access
as7326-56x-3,Ethernet18,str-aos7710-42,Ethernet 1/51,25000,3251,Access
as7326-56x-3,Ethernet19,str-aos7710-42,Ethernet 1/52,25000,3252,Access
as7326-56x-3,Ethernet20,str-aos7710-42,Ethernet 1/53,25000,3253,Access
as7326-56x-3,Ethernet21,str-aos7710-42,Ethernet 1/54,25000,3254,Access
as7326-56x-3,Ethernet22,str-aos7710-42,Ethernet 1/55,25000,3255,Access
as7326-56x-3,Ethernet23,str-aos7710-42,Ethernet 1/56,25000,3256,Access
as7326-56x-3,Ethernet24,str-aos7710-42,Ethernet 1/57,25000,3257,Access
as7326-56x-3,Ethernet25,str-aos7710-42,Ethernet 1/58,25000,3258,Access
as7326-56x-3,Ethernet26,str-aos7710-42,Ethernet 1/59,25000,3259,Access
as7326-56x-3,Ethernet27,str-aos7710-42,Ethernet 1/60,25000,3260,Access
as7326-56x-3,Ethernet28,str-aos7710-42,Ethernet 1/61,25000,3261,Access
as7326-56x-3,Ethernet29,str-aos7710-42,Ethernet 1/62,25000,3262,Access
as7326-56x-3,Ethernet30,str-aos7710-42,Ethernet 1/63,25000,3263,Access
as7326-56x-3,Ethernet31,str-aos7710-42,Ethernet 1/64,25000,3264,Access
as7326-56x-3,Ethernet32,str-aos7710-42,Ethernet 1/65,25000,3265,Access
as7326-56x-3,Ethernet33,str-aos7710-42,Ethernet 1/66,25000,3266,Access
as7326-56x-3,Ethernet34,str-aos7710-42,Ethernet 1/67,25000,3267,Access
as7326-56x-3,Ethernet35,str-aos7710-42,Ethernet 1/68,25000,3268,Access
as7326-56x-3,Ethernet36,str-aos7710-42,Ethernet 1/69,25000,3269,Access
as7326-56x-3,Ethernet37,str-aos7710-42,Ethernet 1/70,25000,3270,Access
as7326-56x-3,Ethernet38,str-aos7710-42,Ethernet 1/71,25000,3271,Access
as7326-56x-3,Ethernet39,str-aos7710-42,Ethernet 1/72,25000,3272,Access
as7326-56x-3,Ethernet40,str-aos7710-42,Ethernet 1/73,25000,3273,Access
as7326-56x-3,Ethernet41,str-aos7710-42,Ethernet 1/74,25000,3274,Access
as7326-56x-3,Ethernet42,str-aos7710-42,Ethernet 1/75,25000,3275,Access
as7326-56x-3,Ethernet43,str-aos7710-42,Ethernet 1/76,25000,3276,Access
as7326-56x-3,Ethernet44,str-aos7710-42,Ethernet 1/77,25000,3277,Access
as7326-56x-3,Ethernet45,str-aos7710-42,Ethernet 1/78,25000,3278,Access
as7326-56x-3,Ethernet46,str-aos7710-42,Ethernet 1/79,25000,3279,Access
as7326-56x-3,Ethernet47,str-aos7710-42,Ethernet 1/80,25000,3280,Access
as7326-56x-3,Ethernet48,str-aos7710-42,Ethernet 1/13,100000,3281,Access
as7326-56x-3,Ethernet52,str-aos7710-42,Ethernet 1/14,100000,3282,Access
as7326-56x-3,Ethernet56,str-aos7710-42,Ethernet 1/15,100000,3283,Access
as7326-56x-3,Ethernet60,str-aos7710-42,Ethernet 1/16,100000,3284,Access
as7326-56x-3,Ethernet64,str-aos7710-42,Ethernet 1/17,100000,3285,Access
as7326-56x-3,Ethernet68,str-aos7710-42,Ethernet 1/18,100000,3286,Access
as7326-56x-3,Ethernet72,str-aos7710-42,Ethernet 1/19,100000,3287,Access
as7326-56x-3,Ethernet76,str-aos7710-42,Ethernet 1/20,100000,3288,Access
str-aos7710-40,Ethernet 1/6,str-aos7710-42,Ethernet 1/25,100000,3233-3288,Trunk


as5835-54x,Ethernet0,str-aos7710-23,Ethernet 1/33,10000,2301,Access
as5835-54x,Ethernet1,str-aos7710-23,Ethernet 1/34,10000,2302,Access
as5835-54x,Ethernet2,str-aos7710-23,Ethernet 1/35,10000,2303,Access
as5835-54x,Ethernet3,str-aos7710-23,Ethernet 1/36,10000,2304,Access
as5835-54x,Ethernet4,str-aos7710-23,Ethernet 1/37,10000,2305,Access
as5835-54x,Ethernet5,str-aos7710-23,Ethernet 1/38,10000,2306,Access
as5835-54x,Ethernet6,str-aos7710-23,Ethernet 1/39,10000,2307,Access
as5835-54x,Ethernet7,str-aos7710-23,Ethernet 1/40,10000,2308,Access
as5835-54x,Ethernet8,str-aos7710-23,Ethernet 1/41,10000,2309,Access
as5835-54x,Ethernet9,str-aos7710-23,Ethernet 1/42,10000,2310,Access
as5835-54x,Ethernet10,str-aos7710-23,Ethernet 1/43,10000,2311,Access
as5835-54x,Ethernet11,str-aos7710-23,Ethernet 1/44,10000,2312,Access
as5835-54x,Ethernet12,str-aos7710-23,Ethernet 1/45,10000,2313,Access
as5835-54x,Ethernet13,str-aos7710-23,Ethernet 1/46,10000,2314,Access
as5835-54x,Ethernet14,str-aos7710-23,Ethernet 1/47,10000,2315,Access
as5835-54x,Ethernet15,str-aos7710-23,Ethernet 1/48,10000,2316,Access
as5835-54x,Ethernet16,str-aos7710-23,Ethernet 1/49,10000,2317,Access
as5835-54x,Ethernet17,str-aos7710-23,Ethernet 1/50,10000,2318,Access
as5835-54x,Ethernet18,str-aos7710-23,Ethernet 1/51,10000,2319,Access
as5835-54x,Ethernet19,str-aos7710-23,Ethernet 1/52,10000,2320,Access
as5835-54x,Ethernet20,str-aos7710-23,Ethernet 1/53,10000,2321,Access
as5835-54x,Ethernet21,str-aos7710-23,Ethernet 1/54,10000,2322,Access
as5835-54x,Ethernet22,str-aos7710-23,Ethernet 1/55,10000,2323,Access
as5835-54x,Ethernet23,str-aos7710-23,Ethernet 1/56,10000,2324,Access
as5835-54x,Ethernet24,str-aos7710-23,Ethernet 1/57,10000,2325,Access
as5835-54x,Ethernet25,str-aos7710-23,Ethernet 1/58,10000,2326,Access
as5835-54x,Ethernet26,str-aos7710-23,Ethernet 1/59,10000,2327,Access
as5835-54x,Ethernet27,str-aos7710-23,Ethernet 1/60,10000,2328,Access
as5835-54x,Ethernet28,str-aos7710-23,Ethernet 1/61,10000,2329,Access
as5835-54x,Ethernet29,str-aos7710-23,Ethernet 1/62,10000,2330,Access
as5835-54x,Ethernet30,str-aos7710-23,Ethernet 1/63,10000,2331,Access
as5835-54x,Ethernet31,str-aos7710-23,Ethernet 1/64,10000,2332,Access
as5835-54x,Ethernet32,str-aos7710-23,Ethernet 1/65,10000,2333,Access
as5835-54x,Ethernet33,str-aos7710-23,Ethernet 1/66,10000,2334,Access
as5835-54x,Ethernet34,str-aos7710-23,Ethernet 1/67,10000,2335,Access
as5835-54x,Ethernet35,str-aos7710-23,Ethernet 1/68,10000,2336,Access
as5835-54x,Ethernet36,str-aos7710-23,Ethernet 1/69,10000,2337,Access
as5835-54x,Ethernet37,str-aos7710-23,Ethernet 1/70,10000,2338,Access
as5835-54x,Ethernet38,str-aos7710-23,Ethernet 1/71,10000,2339,Access
as5835-54x,Ethernet39,str-aos7710-23,Ethernet 1/72,10000,2340,Access
as5835-54x,Ethernet40,str-aos7710-23,Ethernet 1/73,10000,2341,Access
as5835-54x,Ethernet41,str-aos7710-23,Ethernet 1/74,10000,2342,Access
as5835-54x,Ethernet42,str-aos7710-23,Ethernet 1/75,10000,2343,Access
as5835-54x,Ethernet43,str-aos7710-23,Ethernet 1/76,10000,2344,Access
as5835-54x,Ethernet44,str-aos7710-23,Ethernet 1/77,10000,2345,Access
as5835-54x,Ethernet45,str-aos7710-23,Ethernet 1/78,10000,2346,Access
as5835-54x,Ethernet46,str-aos7710-23,Ethernet 1/79,10000,2347,Access
as5835-54x,Ethernet47,str-aos7710-23,Ethernet 1/80,10000,2348,Access
as5835-54x,Ethernet48,str-aos7710-23,Ethernet 1/13,100000,2349,Access
as5835-54x,Ethernet52,str-aos7710-23,Ethernet 1/14,100000,2350,Access
as5835-54x,Ethernet56,str-aos7710-23,Ethernet 1/15,100000,2351,Access
as5835-54x,Ethernet60,str-aos7710-23,Ethernet 1/16,100000,2352,Access
as5835-54x,Ethernet64,str-aos7710-23,Ethernet 1/17,100000,2353,Access
as5835-54x,Ethernet68,str-aos7710-23,Ethernet 1/18,100000,2354,Access
str-aos7710-11,Ethernet 1/9,str-aos7710-23,Ethernet 1/25,100000,2301-2354,Trunk

as5835-54x-3,Ethernet0,str-aos7710-52,Ethernet 1/33,10000,3407,Access
as5835-54x-3,Ethernet1,str-aos7710-52,Ethernet 1/34,10000,3408,Access
as5835-54x-3,Ethernet2,str-aos7710-52,Ethernet 1/35,10000,3409,Access
as5835-54x-3,Ethernet3,str-aos7710-52,Ethernet 1/36,10000,3410,Access
as5835-54x-3,Ethernet4,str-aos7710-52,Ethernet 1/37,10000,3411,Access
as5835-54x-3,Ethernet5,str-aos7710-52,Ethernet 1/38,10000,3412,Access
as5835-54x-3,Ethernet6,str-aos7710-52,Ethernet 1/39,10000,3413,Access
as5835-54x-3,Ethernet7,str-aos7710-52,Ethernet 1/40,10000,3414,Access
as5835-54x-3,Ethernet8,str-aos7710-52,Ethernet 1/41,10000,3415,Access
as5835-54x-3,Ethernet9,str-aos7710-52,Ethernet 1/42,10000,3416,Access
as5835-54x-3,Ethernet10,str-aos7710-52,Ethernet 1/43,10000,3417,Access
as5835-54x-3,Ethernet11,str-aos7710-52,Ethernet 1/44,10000,3418,Access
as5835-54x-3,Ethernet12,str-aos7710-52,Ethernet 1/45,10000,3419,Access
as5835-54x-3,Ethernet13,str-aos7710-52,Ethernet 1/46,10000,3420,Access
as5835-54x-3,Ethernet14,str-aos7710-52,Ethernet 1/47,10000,3421,Access
as5835-54x-3,Ethernet15,str-aos7710-52,Ethernet 1/48,10000,3422,Access
as5835-54x-3,Ethernet16,str-aos7710-52,Ethernet 1/49,10000,3423,Access
as5835-54x-3,Ethernet17,str-aos7710-52,Ethernet 1/50,10000,3424,Access
as5835-54x-3,Ethernet18,str-aos7710-52,Ethernet 1/51,10000,3425,Access
as5835-54x-3,Ethernet19,str-aos7710-52,Ethernet 1/52,10000,3426,Access
as5835-54x-3,Ethernet20,str-aos7710-52,Ethernet 1/53,10000,3427,Access
as5835-54x-3,Ethernet21,str-aos7710-52,Ethernet 1/54,10000,3428,Access
as5835-54x-3,Ethernet22,str-aos7710-52,Ethernet 1/55,10000,3429,Access
as5835-54x-3,Ethernet23,str-aos7710-52,Ethernet 1/56,10000,3430,Access
as5835-54x-3,Ethernet24,str-aos7710-52,Ethernet 1/57,10000,3431,Access
as5835-54x-3,Ethernet25,str-aos7710-52,Ethernet 1/58,10000,3432,Access
as5835-54x-3,Ethernet26,str-aos7710-52,Ethernet 1/59,10000,3433,Access
as5835-54x-3,Ethernet27,str-aos7710-52,Ethernet 1/60,10000,3434,Access
as5835-54x-3,Ethernet28,str-aos7710-52,Ethernet 1/61,10000,3435,Access
as5835-54x-3,Ethernet29,str-aos7710-52,Ethernet 1/62,10000,3436,Access
as5835-54x-3,Ethernet30,str-aos7710-52,Ethernet 1/63,10000,3437,Access
as5835-54x-3,Ethernet31,str-aos7710-52,Ethernet 1/64,10000,3438,Access
as5835-54x-3,Ethernet32,str-aos7710-52,Ethernet 1/65,10000,3439,Access
as5835-54x-3,Ethernet33,str-aos7710-52,Ethernet 1/66,10000,3440,Access
as5835-54x-3,Ethernet34,str-aos7710-52,Ethernet 1/67,10000,3441,Access
as5835-54x-3,Ethernet35,str-aos7710-52,Ethernet 1/68,10000,3442,Access
as5835-54x-3,Ethernet36,str-aos7710-52,Ethernet 1/69,10000,3443,Access
as5835-54x-3,Ethernet37,str-aos7710-52,Ethernet 1/70,10000,3444,Access
as5835-54x-3,Ethernet38,str-aos7710-52,Ethernet 1/71,10000,3445,Access
as5835-54x-3,Ethernet39,str-aos7710-52,Ethernet 1/72,10000,3446,Access
as5835-54x-3,Ethernet40,str-aos7710-52,Ethernet 1/73,10000,3447,Access
as5835-54x-3,Ethernet41,str-aos7710-52,Ethernet 1/74,10000,3448,Access
as5835-54x-3,Ethernet42,str-aos7710-52,Ethernet 1/75,10000,3449,Access
as5835-54x-3,Ethernet43,str-aos7710-52,Ethernet 1/76,10000,3450,Access
as5835-54x-3,Ethernet44,str-aos7710-52,Ethernet 1/77,10000,3451,Access
as5835-54x-3,Ethernet45,str-aos7710-52,Ethernet 1/78,10000,3452,Access
as5835-54x-3,Ethernet46,str-aos7710-52,Ethernet 1/79,10000,3453,Access
as5835-54x-3,Ethernet47,str-aos7710-52,Ethernet 1/80,10000,3454,Access
as5835-54x-3,Ethernet48,str-aos7710-52,Ethernet 1/13,100000,3455,Access
as5835-54x-3,Ethernet52,str-aos7710-52,Ethernet 1/14,100000,3456,Access
as5835-54x-3,Ethernet56,str-aos7710-52,Ethernet 1/15,100000,3457,Access
as5835-54x-3,Ethernet60,str-aos7710-52,Ethernet 1/16,100000,3458,Access
as5835-54x-3,Ethernet64,str-aos7710-52,Ethernet 1/17,100000,3459,Access
as5835-54x-3,Ethernet68,str-aos7710-52,Ethernet 1/18,100000,3460,Access
str-aos7710-40,Ethernet 1/9,str-aos7710-52,Ethernet 1/25,100000,3407-3460,Trunk

as7726-32x-1,Ethernet0,str-aos7710-24,Ethernet 1/1,100000,2401,Access
as7726-32x-1,Ethernet4,str-aos7710-24,Ethernet 1/2,100000,2402,Access
as7726-32x-1,Ethernet8,str-aos7710-24,Ethernet 1/3,100000,2403,Access
as7726-32x-1,Ethernet12,str-aos7710-24,Ethernet 1/4,100000,2404,Access
as7726-32x-1,Ethernet16,str-aos7710-24,Ethernet 1/5,100000,2405,Access
as7726-32x-1,Ethernet20,str-aos7710-24,Ethernet 1/6,100000,2406,Access
as7726-32x-1,Ethernet24,str-aos7710-24,Ethernet 1/7,100000,2407,Access
as7726-32x-1,Ethernet28,str-aos7710-24,Ethernet 1/8,100000,2408,Access
as7726-32x-1,Ethernet32,str-aos7710-24,Ethernet 1/9,100000,2409,Access
as7726-32x-1,Ethernet36,str-aos7710-24,Ethernet 1/10,100000,2410,Access
as7726-32x-1,Ethernet40,str-aos7710-24,Ethernet 1/11,100000,2411,Access
as7726-32x-1,Ethernet44,str-aos7710-24,Ethernet 1/12,100000,2412,Access
as7726-32x-1,Ethernet48,str-aos7710-24,Ethernet 1/13,100000,2413,Access
as7726-32x-1,Ethernet52,str-aos7710-24,Ethernet 1/14,100000,2414,Access
as7726-32x-1,Ethernet56,str-aos7710-24,Ethernet 1/15,100000,2415,Access
as7726-32x-1,Ethernet60,str-aos7710-24,Ethernet 1/16,100000,2416,Access
as7726-32x-1,Ethernet64,str-aos7710-24,Ethernet 1/17,100000,2417,Access
as7726-32x-1,Ethernet68,str-aos7710-24,Ethernet 1/18,100000,2418,Access
as7726-32x-1,Ethernet72,str-aos7710-24,Ethernet 1/19,100000,2419,Access
as7726-32x-1,Ethernet76,str-aos7710-24,Ethernet 1/20,100000,2420,Access
as7726-32x-1,Ethernet80,str-aos7710-24,Ethernet 1/21,100000,2421,Access
as7726-32x-1,Ethernet84,str-aos7710-24,Ethernet 1/22,100000,2422,Access
as7726-32x-1,Ethernet88,str-aos7710-24,Ethernet 1/23,100000,2423,Access
as7726-32x-1,Ethernet92,str-aos7710-24,Ethernet 1/24,100000,2424,Access
as7726-32x-1,Ethernet96,str-aos7710-11,Ethernet 1/12,100000,2425,Access
as7726-32x-1,Ethernet100,str-aos7710-24,Ethernet 1/26,100000,2426,Access
as7726-32x-1,Ethernet104,str-aos7710-24,Ethernet 1/27,100000,2427,Access
as7726-32x-1,Ethernet108,str-aos7710-24,Ethernet 1/28,100000,2428,Access
as7726-32x-1,Ethernet112,str-aos7710-24,Ethernet 1/29,100000,2429,Access
as7726-32x-1,Ethernet116,str-aos7710-24,Ethernet 1/30,100000,2430,Access
as7726-32x-1,Ethernet120,str-aos7710-24,Ethernet 1/31,100000,2431,Access
as7726-32x-1,Ethernet124,str-aos7710-24,Ethernet 1/32,100000,2432,Access
str-aos7710-11,Ethernet 1/11,str-aos7710-24,Ethernet 1/25,100000,2401-2432,Trunk

as7726-32x-2,Ethernet0,str-aos7710-31,Ethernet 1/1,100000,2433,Access
as7726-32x-2,Ethernet4,str-aos7710-31,Ethernet 1/2,100000,2434,Access
as7726-32x-2,Ethernet8,str-aos7710-31,Ethernet 1/3,100000,2435,Access
as7726-32x-2,Ethernet12,str-aos7710-31,Ethernet 1/4,100000,2436,Access
as7726-32x-2,Ethernet16,str-aos7710-31,Ethernet 1/5,100000,2437,Access
as7726-32x-2,Ethernet20,str-aos7710-31,Ethernet 1/6,100000,2438,Access
as7726-32x-2,Ethernet24,str-aos7710-31,Ethernet 1/7,100000,2439,Access
as7726-32x-2,Ethernet28,str-aos7710-31,Ethernet 1/8,100000,2440,Access
as7726-32x-2,Ethernet32,str-aos7710-31,Ethernet 1/9,100000,2441,Access
as7726-32x-2,Ethernet36,str-aos7710-31,Ethernet 1/10,100000,2442,Access
as7726-32x-2,Ethernet40,str-aos7710-31,Ethernet 1/11,100000,2443,Access
as7726-32x-2,Ethernet44,str-aos7710-31,Ethernet 1/12,100000,2444,Access
as7726-32x-2,Ethernet48,str-aos7710-31,Ethernet 1/13,100000,2445,Access
as7726-32x-2,Ethernet52,str-aos7710-31,Ethernet 1/14,100000,2446,Access
as7726-32x-2,Ethernet56,str-aos7710-31,Ethernet 1/15,100000,2447,Access
as7726-32x-2,Ethernet60,str-aos7710-31,Ethernet 1/16,100000,2448,Access
as7726-32x-2,Ethernet64,str-aos7710-31,Ethernet 1/17,100000,2449,Access
as7726-32x-2,Ethernet68,str-aos7710-31,Ethernet 1/18,100000,2450,Access
as7726-32x-2,Ethernet72,str-aos7710-31,Ethernet 1/19,100000,2451,Access
as7726-32x-2,Ethernet76,str-aos7710-31,Ethernet 1/20,100000,2452,Access
as7726-32x-2,Ethernet80,str-aos7710-31,Ethernet 1/21,100000,2453,Access
as7726-32x-2,Ethernet84,str-aos7710-31,Ethernet 1/22,100000,2454,Access
as7726-32x-2,Ethernet88,str-aos7710-31,Ethernet 1/23,100000,2455,Access
as7726-32x-2,Ethernet92,str-aos7710-31,Ethernet 1/24,100000,2456,Access
as7726-32x-2,Ethernet96,str-aos7710-11,Ethernet 1/31,100000,2457,Access
as7726-32x-2,Ethernet100,str-aos7710-31,Ethernet 1/26,100000,2458,Access
as7726-32x-2,Ethernet104,str-aos7710-31,Ethernet 1/27,100000,2459,Access
as7726-32x-2,Ethernet108,str-aos7710-31,Ethernet 1/28,100000,2460,Access
as7726-32x-2,Ethernet112,str-aos7710-31,Ethernet 1/29,100000,2461,Access
as7726-32x-2,Ethernet116,str-aos7710-31,Ethernet 1/30,100000,2462,Access
as7726-32x-2,Ethernet120,str-aos7710-31,Ethernet 1/31,100000,2463,Access
as7726-32x-2,Ethernet124,str-aos7710-31,Ethernet 1/32,100000,2464,Access
str-aos7710-11,Ethernet 1/32,str-aos7710-31,Ethernet 1/25,100000,2433-2464,Trunk

as7726-32x-3,Ethernet0,str-aos7710-41,Ethernet 1/1,100000,3201,Access
as7726-32x-3,Ethernet4,str-aos7710-41,Ethernet 1/2,100000,3202,Access
as7726-32x-3,Ethernet8,str-aos7710-41,Ethernet 1/3,100000,3203,Access
as7726-32x-3,Ethernet12,str-aos7710-41,Ethernet 1/4,100000,3204,Access
as7726-32x-3,Ethernet16,str-aos7710-41,Ethernet 1/5,100000,3205,Access
as7726-32x-3,Ethernet20,str-aos7710-41,Ethernet 1/6,100000,3206,Access
as7726-32x-3,Ethernet24,str-aos7710-41,Ethernet 1/7,100000,3207,Access
as7726-32x-3,Ethernet28,str-aos7710-41,Ethernet 1/8,100000,3208,Access
as7726-32x-3,Ethernet32,str-aos7710-41,Ethernet 1/9,100000,3209,Access
as7726-32x-3,Ethernet36,str-aos7710-41,Ethernet 1/10,100000,3210,Access
as7726-32x-3,Ethernet40,str-aos7710-41,Ethernet 1/11,100000,3211,Access
as7726-32x-3,Ethernet44,str-aos7710-41,Ethernet 1/12,100000,3212,Access
as7726-32x-3,Ethernet48,str-aos7710-41,Ethernet 1/13,100000,3213,Access
as7726-32x-3,Ethernet52,str-aos7710-41,Ethernet 1/14,100000,3214,Access
as7726-32x-3,Ethernet56,str-aos7710-41,Ethernet 1/15,100000,3215,Access
as7726-32x-3,Ethernet60,str-aos7710-41,Ethernet 1/16,100000,3216,Access
as7726-32x-3,Ethernet64,str-aos7710-41,Ethernet 1/17,100000,3217,Access
as7726-32x-3,Ethernet68,str-aos7710-41,Ethernet 1/18,100000,3218,Access
as7726-32x-3,Ethernet72,str-aos7710-41,Ethernet 1/19,100000,3219,Access
as7726-32x-3,Ethernet76,str-aos7710-41,Ethernet 1/20,100000,3220,Access
as7726-32x-3,Ethernet80,str-aos7710-41,Ethernet 1/21,100000,3221,Access
as7726-32x-3,Ethernet84,str-aos7710-41,Ethernet 1/22,100000,3222,Access
as7726-32x-3,Ethernet88,str-aos7710-41,Ethernet 1/23,100000,3223,Access
as7726-32x-3,Ethernet92,str-aos7710-41,Ethernet 1/24,100000,3224,Access
as7726-32x-3,Ethernet96,str-aos7710-40,Ethernet 1/7,100000,3225,Access
as7726-32x-3,Ethernet100,str-aos7710-41,Ethernet 1/26,100000,3226,Access
as7726-32x-3,Ethernet104,str-aos7710-41,Ethernet 1/27,100000,3227,Access
as7726-32x-3,Ethernet108,str-aos7710-41,Ethernet 1/28,100000,3228,Access
as7726-32x-3,Ethernet112,str-aos7710-41,Ethernet 1/29,100000,3229,Access
as7726-32x-3,Ethernet116,str-aos7710-41,Ethernet 1/30,100000,3230,Access
as7726-32x-3,Ethernet120,str-aos7710-41,Ethernet 1/31,100000,3231,Access
as7726-32x-3,Ethernet124,str-aos7710-41,Ethernet 1/32,100000,3232,Access
str-aos7710-40,Ethernet 1/8,str-aos7710-41,Ethernet 1/25,100000,3201-3232,Trunk


as8000,Ethernet0,str-aos7710-25,Ethernet 1/1,100000,2501,Access
as8000,Ethernet1,str-aos7710-25,Ethernet 1/2,100000,2502,Access
as8000,Ethernet2,str-aos7710-25,Ethernet 1/3,100000,2503,Access
as8000,Ethernet3,str-aos7710-25,Ethernet 1/4,100000,2504,Access
as8000,Ethernet4,str-aos7710-25,Ethernet 1/5,100000,2505,Access
as8000,Ethernet5,str-aos7710-25,Ethernet 1/6,100000,2506,Access
as8000,Ethernet6,str-aos7710-25,Ethernet 1/7,100000,2507,Access
as8000,Ethernet7,str-aos7710-25,Ethernet 1/8,100000,2508,Access
as8000,Ethernet8,str-aos7710-25,Ethernet 1/9,100000,2509,Access
as8000,Ethernet9,str-aos7710-25,Ethernet 1/10,100000,2510,Access
as8000,Ethernet10,str-aos7710-25,Ethernet 1/11,100000,2511,Access
as8000,Ethernet11,str-aos7710-25,Ethernet 1/12,100000,2512,Access
as8000,Ethernet12,str-aos7710-25,Ethernet 1/13,100000,2513,Access
as8000,Ethernet13,str-aos7710-25,Ethernet 1/14,100000,2514,Access
as8000,Ethernet14,str-aos7710-25,Ethernet 1/15,100000,2515,Access
as8000,Ethernet15,str-aos7710-25,Ethernet 1/16,100000,2516,Access
as8000,Ethernet16,str-aos7710-25,Ethernet 1/17,100000,2517,Access
as8000,Ethernet17,str-aos7710-25,Ethernet 1/18,100000,2518,Access
as8000,Ethernet18,str-aos7710-25,Ethernet 1/19,100000,2519,Access
as8000,Ethernet19,str-aos7710-25,Ethernet 1/20,100000,2520,Access
as8000,Ethernet20,str-aos7710-25,Ethernet 1/21,100000,2521,Access
as8000,Ethernet21,str-aos7710-25,Ethernet 1/22,100000,2522,Access
as8000,Ethernet22,str-aos7710-25,Ethernet 1/23,100000,2523,Access
as8000,Ethernet23,str-aos7710-25,Ethernet 1/24,100000,2524,Access
as8000,Ethernet24,str-aos7710-11,Ethernet 1/14,100000,2525,Access
as8000,Ethernet25,str-aos7710-25,Ethernet 1/26,100000,2526,Access
as8000,Ethernet26,str-aos7710-25,Ethernet 1/27,100000,2527,Access
as8000,Ethernet27,str-aos7710-25,Ethernet 1/28,100000,2528,Access
as8000,Ethernet28,str-aos7710-25,Ethernet 1/29,100000,2529,Access
as8000,Ethernet29,str-aos7710-25,Ethernet 1/30,100000,2530,Access
as8000,Ethernet30,str-aos7710-25,Ethernet 1/31,100000,2531,Access
as8000,Ethernet31,str-aos7710-25,Ethernet 1/32,100000,2532,Access
as8000,Ethernet32,str-aos7710-28,Ethernet 1/1,100000,2533,Access
as8000,Ethernet33,str-aos7710-28,Ethernet 1/2,100000,2534,Access
as8000,Ethernet34,str-aos7710-28,Ethernet 1/3,100000,2535,Access
as8000,Ethernet35,str-aos7710-28,Ethernet 1/4,100000,2536,Access
as8000,Ethernet36,str-aos7710-28,Ethernet 1/5,100000,2537,Access
as8000,Ethernet37,str-aos7710-28,Ethernet 1/6,100000,2538,Access
as8000,Ethernet38,str-aos7710-28,Ethernet 1/7,100000,2539,Access
as8000,Ethernet39,str-aos7710-28,Ethernet 1/8,100000,2540,Access
as8000,Ethernet40,str-aos7710-28,Ethernet 1/9,100000,2541,Access
as8000,Ethernet41,str-aos7710-28,Ethernet 1/10,100000,2542,Access
as8000,Ethernet42,str-aos7710-28,Ethernet 1/11,100000,2543,Access
as8000,Ethernet43,str-aos7710-28,Ethernet 1/12,100000,2544,Access
as8000,Ethernet44,str-aos7710-28,Ethernet 1/13,100000,2545,Access
as8000,Ethernet45,str-aos7710-28,Ethernet 1/14,100000,2546,Access
as8000,Ethernet46,str-aos7710-28,Ethernet 1/15,100000,2547,Access
as8000,Ethernet47,str-aos7710-28,Ethernet 1/16,100000,2548,Access
as8000,Ethernet48,str-aos7710-28,Ethernet 1/17,100000,2549,Access
as8000,Ethernet49,str-aos7710-28,Ethernet 1/18,100000,2550,Access
as8000,Ethernet50,str-aos7710-28,Ethernet 1/19,100000,2551,Access
as8000,Ethernet51,str-aos7710-28,Ethernet 1/20,100000,2552,Access
as8000,Ethernet52,str-aos7710-28,Ethernet 1/21,100000,2553,Access
as8000,Ethernet53,str-aos7710-28,Ethernet 1/22,100000,2554,Access
as8000,Ethernet54,str-aos7710-28,Ethernet 1/23,100000,2555,Access
as8000,Ethernet55,str-aos7710-28,Ethernet 1/24,100000,2556,Access
as8000,Ethernet56,str-aos7710-11,Ethernet 1/16,100000,2557,Access
as8000,Ethernet57,str-aos7710-28,Ethernet 1/26,100000,2558,Access
as8000,Ethernet58,str-aos7710-28,Ethernet 1/27,100000,2559,Access
as8000,Ethernet59,str-aos7710-28,Ethernet 1/28,100000,2560,Access
as8000,Ethernet60,str-aos7710-28,Ethernet 1/29,100000,2561,Access
as8000,Ethernet61,str-aos7710-28,Ethernet 1/30,100000,2562,Access
as8000,Ethernet62,str-aos7710-28,Ethernet 1/31,100000,2563,Access
as8000,Ethernet63,str-aos7710-28,Ethernet 1/32,100000,2564,Access
as8000,Ethernet64,str-aos7710-29,Ethernet 1/1,100000,2565,Access
as8000,Ethernet65,str-aos7710-29,Ethernet 1/2,100000,2566,Access
as8000,Ethernet66,str-aos7710-29,Ethernet 1/3,100000,2567,Access
as8000,Ethernet67,str-aos7710-29,Ethernet 1/4,100000,2568,Access
as8000,Ethernet68,str-aos7710-29,Ethernet 1/5,100000,2569,Access
as8000,Ethernet69,str-aos7710-29,Ethernet 1/6,100000,2570,Access
as8000,Ethernet70,str-aos7710-29,Ethernet 1/7,100000,2571,Access
as8000,Ethernet71,str-aos7710-29,Ethernet 1/8,100000,2572,Access
as8000,Ethernet72,str-aos7710-29,Ethernet 1/9,100000,2573,Access
as8000,Ethernet73,str-aos7710-29,Ethernet 1/10,100000,2574,Access
as8000,Ethernet74,str-aos7710-29,Ethernet 1/11,100000,2575,Access
as8000,Ethernet75,str-aos7710-29,Ethernet 1/12,100000,2576,Access
as8000,Ethernet76,str-aos7710-29,Ethernet 1/13,100000,2577,Access
as8000,Ethernet77,str-aos7710-29,Ethernet 1/14,100000,2578,Access
as8000,Ethernet78,str-aos7710-29,Ethernet 1/15,100000,2579,Access
as8000,Ethernet79,str-aos7710-29,Ethernet 1/16,100000,2580,Access
as8000,Ethernet80,str-aos7710-29,Ethernet 1/17,100000,2581,Access
as8000,Ethernet81,str-aos7710-29,Ethernet 1/18,100000,2582,Access
as8000,Ethernet82,str-aos7710-29,Ethernet 1/19,100000,2583,Access
as8000,Ethernet83,str-aos7710-29,Ethernet 1/20,100000,2584,Access
as8000,Ethernet84,str-aos7710-29,Ethernet 1/21,100000,2585,Access
as8000,Ethernet85,str-aos7710-29,Ethernet 1/22,100000,2586,Access
as8000,Ethernet86,str-aos7710-29,Ethernet 1/23,100000,2587,Access
as8000,Ethernet87,str-aos7710-29,Ethernet 1/24,100000,2588,Access
as8000,Ethernet88,str-aos7710-11,Ethernet 1/20,100000,2589,Access
as8000,Ethernet89,str-aos7710-29,Ethernet 1/26,100000,2590,Access
as8000,Ethernet90,str-aos7710-29,Ethernet 1/27,100000,2591,Access
as8000,Ethernet91,str-aos7710-29,Ethernet 1/28,100000,2592,Access
as8000,Ethernet92,str-aos7710-29,Ethernet 1/29,100000,2593,Access
as8000,Ethernet93,str-aos7710-29,Ethernet 1/30,100000,2594,Access
as8000,Ethernet94,str-aos7710-29,Ethernet 1/31,100000,2595,Access
as8000,Ethernet95,str-aos7710-29,Ethernet 1/32,100000,2596,Access
as8000,Ethernet96,str-aos7710-30,Ethernet 1/1,100000,2597,Access
as8000,Ethernet97,str-aos7710-30,Ethernet 1/2,100000,2598,Access
as8000,Ethernet98,str-aos7710-30,Ethernet 1/3,100000,2599,Access
as8000,Ethernet99,str-aos7710-30,Ethernet 1/4,100000,2600,Access
as8000,Ethernet100,str-aos7710-30,Ethernet 1/5,100000,2601,Access
as8000,Ethernet101,str-aos7710-30,Ethernet 1/6,100000,2602,Access
as8000,Ethernet102,str-aos7710-30,Ethernet 1/7,100000,2603,Access
as8000,Ethernet103,str-aos7710-30,Ethernet 1/8,100000,2604,Access
as8000,Ethernet104,str-aos7710-30,Ethernet 1/9,100000,2605,Access
as8000,Ethernet105,str-aos7710-30,Ethernet 1/10,100000,2606,Access
as8000,Ethernet106,str-aos7710-30,Ethernet 1/11,100000,2607,Access
as8000,Ethernet107,str-aos7710-30,Ethernet 1/12,100000,2608,Access
as8000,Ethernet108,str-aos7710-30,Ethernet 1/13,100000,2609,Access
as8000,Ethernet109,str-aos7710-30,Ethernet 1/14,100000,2610,Access
as8000,Ethernet110,str-aos7710-30,Ethernet 1/15,100000,2611,Access
as8000,Ethernet111,str-aos7710-30,Ethernet 1/16,100000,2612,Access
as8000,Ethernet112,str-aos7710-30,Ethernet 1/17,100000,2613,Access
as8000,Ethernet113,str-aos7710-30,Ethernet 1/18,100000,2614,Access
as8000,Ethernet114,str-aos7710-30,Ethernet 1/19,100000,2615,Access
as8000,Ethernet115,str-aos7710-30,Ethernet 1/20,100000,2616,Access
as8000,Ethernet116,str-aos7710-30,Ethernet 1/21,100000,2617,Access
as8000,Ethernet117,str-aos7710-30,Ethernet 1/22,100000,2618,Access
as8000,Ethernet118,str-aos7710-30,Ethernet 1/23,100000,2619,Access
as8000,Ethernet119,str-aos7710-30,Ethernet 1/24,100000,2620,Access
as8000,Ethernet120,str-aos7710-11,Ethernet 1/24,100000,2621,Access
as8000,Ethernet121,str-aos7710-30,Ethernet 1/26,100000,2622,Access
as8000,Ethernet122,str-aos7710-30,Ethernet 1/27,100000,2623,Access
as8000,Ethernet123,str-aos7710-30,Ethernet 1/28,100000,2624,Access
as8000,Ethernet124,str-aos7710-30,Ethernet 1/29,100000,2625,Access
as8000,Ethernet125,str-aos7710-30,Ethernet 1/30,100000,2626,Access
as8000,Ethernet126,str-aos7710-30,Ethernet 1/31,100000,2627,Access
as8000,Ethernet127,str-aos7710-30,Ethernet 1/32,100000,2628,Access
str-aos7710-11,Ethernet 1/13,str-aos7710-25,Ethernet 1/25,100000,2501-2532,Trunk
str-aos7710-11,Ethernet 1/15,str-aos7710-28,Ethernet 1/25,100000,2533-2564,Trunk
str-aos7710-11,Ethernet 1/18,str-aos7710-29,Ethernet 1/25,100000,2565-2596,Trunk
str-aos7710-11,Ethernet 1/22,str-aos7710-30,Ethernet 1/25,100000,2597-2628,Trunk

as8000-3,Ethernet0,str-aos7710-45,Ethernet 1/1,100000,3461,Access
as8000-3,Ethernet1,str-aos7710-45,Ethernet 1/2,100000,3462,Access
as8000-3,Ethernet2,str-aos7710-45,Ethernet 1/3,100000,3463,Access
as8000-3,Ethernet3,str-aos7710-45,Ethernet 1/4,100000,3464,Access
as8000-3,Ethernet4,str-aos7710-45,Ethernet 1/5,100000,3465,Access
as8000-3,Ethernet5,str-aos7710-45,Ethernet 1/6,100000,3466,Access
as8000-3,Ethernet6,str-aos7710-45,Ethernet 1/7,100000,3467,Access
as8000-3,Ethernet7,str-aos7710-45,Ethernet 1/8,100000,3468,Access
as8000-3,Ethernet8,str-aos7710-45,Ethernet 1/9,100000,3469,Access
as8000-3,Ethernet9,str-aos7710-45,Ethernet 1/10,100000,3470,Access
as8000-3,Ethernet10,str-aos7710-45,Ethernet 1/11,100000,3471,Access
as8000-3,Ethernet11,str-aos7710-45,Ethernet 1/12,100000,3472,Access
as8000-3,Ethernet12,str-aos7710-45,Ethernet 1/13,100000,3473,Access
as8000-3,Ethernet13,str-aos7710-45,Ethernet 1/14,100000,3474,Access
as8000-3,Ethernet14,str-aos7710-45,Ethernet 1/15,100000,3475,Access
as8000-3,Ethernet15,str-aos7710-45,Ethernet 1/16,100000,3476,Access
as8000-3,Ethernet16,str-aos7710-45,Ethernet 1/17,100000,3477,Access
as8000-3,Ethernet17,str-aos7710-45,Ethernet 1/18,100000,3478,Access
as8000-3,Ethernet18,str-aos7710-45,Ethernet 1/19,100000,3479,Access
as8000-3,Ethernet19,str-aos7710-45,Ethernet 1/20,100000,3480,Access
as8000-3,Ethernet20,str-aos7710-45,Ethernet 1/21,100000,3481,Access
as8000-3,Ethernet21,str-aos7710-45,Ethernet 1/22,100000,3482,Access
as8000-3,Ethernet22,str-aos7710-45,Ethernet 1/23,100000,3483,Access
as8000-3,Ethernet23,str-aos7710-45,Ethernet 1/24,100000,3484,Access
as8000-3,Ethernet24,str-aos7710-40,Ethernet 1/15,100000,3485,Access
as8000-3,Ethernet25,str-aos7710-45,Ethernet 1/26,100000,3486,Access
as8000-3,Ethernet26,str-aos7710-45,Ethernet 1/27,100000,3487,Access
as8000-3,Ethernet27,str-aos7710-45,Ethernet 1/28,100000,3488,Access
as8000-3,Ethernet28,str-aos7710-45,Ethernet 1/29,100000,3489,Access
as8000-3,Ethernet29,str-aos7710-45,Ethernet 1/30,100000,3490,Access
as8000-3,Ethernet30,str-aos7710-45,Ethernet 1/31,100000,3491,Access
as8000-3,Ethernet31,str-aos7710-45,Ethernet 1/32,100000,3492,Access
as8000-3,Ethernet32,str-aos7710-46,Ethernet 1/1,100000,3493,Access
as8000-3,Ethernet33,str-aos7710-46,Ethernet 1/2,100000,3494,Access
as8000-3,Ethernet34,str-aos7710-46,Ethernet 1/3,100000,3495,Access
as8000-3,Ethernet35,str-aos7710-46,Ethernet 1/4,100000,3496,Access
as8000-3,Ethernet36,str-aos7710-46,Ethernet 1/5,100000,3497,Access
as8000-3,Ethernet37,str-aos7710-46,Ethernet 1/6,100000,3498,Access
as8000-3,Ethernet38,str-aos7710-46,Ethernet 1/7,100000,3499,Access
as8000-3,Ethernet39,str-aos7710-46,Ethernet 1/8,100000,3500,Access
as8000-3,Ethernet40,str-aos7710-46,Ethernet 1/9,100000,3501,Access
as8000-3,Ethernet41,str-aos7710-46,Ethernet 1/10,100000,3502,Access
as8000-3,Ethernet42,str-aos7710-46,Ethernet 1/11,100000,3503,Access
as8000-3,Ethernet43,str-aos7710-46,Ethernet 1/12,100000,3504,Access
as8000-3,Ethernet44,str-aos7710-46,Ethernet 1/13,100000,3505,Access
as8000-3,Ethernet45,str-aos7710-46,Ethernet 1/14,100000,3506,Access
as8000-3,Ethernet46,str-aos7710-46,Ethernet 1/15,100000,3507,Access
as8000-3,Ethernet47,str-aos7710-46,Ethernet 1/16,100000,3508,Access
as8000-3,Ethernet48,str-aos7710-46,Ethernet 1/17,100000,3509,Access
as8000-3,Ethernet49,str-aos7710-46,Ethernet 1/18,100000,3510,Access
as8000-3,Ethernet50,str-aos7710-46,Ethernet 1/19,100000,3511,Access
as8000-3,Ethernet51,str-aos7710-46,Ethernet 1/20,100000,3512,Access
as8000-3,Ethernet52,str-aos7710-46,Ethernet 1/21,100000,3513,Access
as8000-3,Ethernet53,str-aos7710-46,Ethernet 1/22,100000,3514,Access
as8000-3,Ethernet54,str-aos7710-46,Ethernet 1/23,100000,3515,Access
as8000-3,Ethernet55,str-aos7710-46,Ethernet 1/24,100000,3516,Access
as8000-3,Ethernet56,str-aos7710-40,Ethernet 1/17,100000,3517,Access
as8000-3,Ethernet57,str-aos7710-46,Ethernet 1/26,100000,3518,Access
as8000-3,Ethernet58,str-aos7710-46,Ethernet 1/27,100000,3519,Access
as8000-3,Ethernet59,str-aos7710-46,Ethernet 1/28,100000,3520,Access
as8000-3,Ethernet60,str-aos7710-46,Ethernet 1/29,100000,3521,Access
as8000-3,Ethernet61,str-aos7710-46,Ethernet 1/30,100000,3522,Access
as8000-3,Ethernet62,str-aos7710-46,Ethernet 1/31,100000,3523,Access
as8000-3,Ethernet63,str-aos7710-46,Ethernet 1/32,100000,3524,Access
as8000-3,Ethernet64,str-aos7710-47,Ethernet 1/1,100000,3525,Access
as8000-3,Ethernet65,str-aos7710-47,Ethernet 1/2,100000,3526,Access
as8000-3,Ethernet66,str-aos7710-47,Ethernet 1/3,100000,3527,Access
as8000-3,Ethernet67,str-aos7710-47,Ethernet 1/4,100000,3528,Access
as8000-3,Ethernet68,str-aos7710-47,Ethernet 1/5,100000,3529,Access
as8000-3,Ethernet69,str-aos7710-47,Ethernet 1/6,100000,3530,Access
as8000-3,Ethernet70,str-aos7710-47,Ethernet 1/7,100000,3531,Access
as8000-3,Ethernet71,str-aos7710-47,Ethernet 1/8,100000,3532,Access
as8000-3,Ethernet72,str-aos7710-47,Ethernet 1/9,100000,3533,Access
as8000-3,Ethernet73,str-aos7710-47,Ethernet 1/10,100000,3534,Access
as8000-3,Ethernet74,str-aos7710-47,Ethernet 1/11,100000,3535,Access
as8000-3,Ethernet75,str-aos7710-47,Ethernet 1/12,100000,3536,Access
as8000-3,Ethernet76,str-aos7710-47,Ethernet 1/13,100000,3537,Access
as8000-3,Ethernet77,str-aos7710-47,Ethernet 1/14,100000,3538,Access
as8000-3,Ethernet78,str-aos7710-47,Ethernet 1/15,100000,3539,Access
as8000-3,Ethernet79,str-aos7710-47,Ethernet 1/16,100000,3540,Access
as8000-3,Ethernet80,str-aos7710-47,Ethernet 1/17,100000,3541,Access
as8000-3,Ethernet81,str-aos7710-47,Ethernet 1/18,100000,3542,Access
as8000-3,Ethernet82,str-aos7710-47,Ethernet 1/19,100000,3543,Access
as8000-3,Ethernet83,str-aos7710-47,Ethernet 1/20,100000,3544,Access
as8000-3,Ethernet84,str-aos7710-47,Ethernet 1/21,100000,3545,Access
as8000-3,Ethernet85,str-aos7710-47,Ethernet 1/22,100000,3546,Access
as8000-3,Ethernet86,str-aos7710-47,Ethernet 1/23,100000,3547,Access
as8000-3,Ethernet87,str-aos7710-47,Ethernet 1/24,100000,3548,Access
as8000-3,Ethernet88,str-aos7710-40,Ethernet 1/19,100000,3549,Access
as8000-3,Ethernet89,str-aos7710-47,Ethernet 1/26,100000,3550,Access
as8000-3,Ethernet90,str-aos7710-47,Ethernet 1/27,100000,3551,Access
as8000-3,Ethernet91,str-aos7710-47,Ethernet 1/28,100000,3552,Access
as8000-3,Ethernet92,str-aos7710-47,Ethernet 1/29,100000,3553,Access
as8000-3,Ethernet93,str-aos7710-47,Ethernet 1/30,100000,3554,Access
as8000-3,Ethernet94,str-aos7710-47,Ethernet 1/31,100000,3555,Access
as8000-3,Ethernet95,str-aos7710-47,Ethernet 1/32,100000,3556,Access
as8000-3,Ethernet96,str-aos7710-48,Ethernet 1/1,100000,3557,Access
as8000-3,Ethernet97,str-aos7710-48,Ethernet 1/2,100000,3558,Access
as8000-3,Ethernet98,str-aos7710-48,Ethernet 1/3,100000,3559,Access
as8000-3,Ethernet99,str-aos7710-48,Ethernet 1/4,100000,3560,Access
as8000-3,Ethernet100,str-aos7710-48,Ethernet 1/5,100000,3561,Access
as8000-3,Ethernet101,str-aos7710-48,Ethernet 1/6,100000,3562,Access
as8000-3,Ethernet102,str-aos7710-48,Ethernet 1/7,100000,3563,Access
as8000-3,Ethernet103,str-aos7710-48,Ethernet 1/8,100000,3564,Access
as8000-3,Ethernet104,str-aos7710-48,Ethernet 1/9,100000,3565,Access
as8000-3,Ethernet105,str-aos7710-48,Ethernet 1/10,100000,3566,Access
as8000-3,Ethernet106,str-aos7710-48,Ethernet 1/11,100000,3567,Access
as8000-3,Ethernet107,str-aos7710-48,Ethernet 1/12,100000,3568,Access
as8000-3,Ethernet108,str-aos7710-48,Ethernet 1/13,100000,3569,Access
as8000-3,Ethernet109,str-aos7710-48,Ethernet 1/14,100000,3570,Access
as8000-3,Ethernet110,str-aos7710-48,Ethernet 1/15,100000,3571,Access
as8000-3,Ethernet111,str-aos7710-48,Ethernet 1/16,100000,3572,Access
as8000-3,Ethernet112,str-aos7710-48,Ethernet 1/17,100000,3573,Access
as8000-3,Ethernet113,str-aos7710-48,Ethernet 1/18,100000,3574,Access
as8000-3,Ethernet114,str-aos7710-48,Ethernet 1/19,100000,3575,Access
as8000-3,Ethernet115,str-aos7710-48,Ethernet 1/20,100000,3576,Access
as8000-3,Ethernet116,str-aos7710-48,Ethernet 1/21,100000,3577,Access
as8000-3,Ethernet117,str-aos7710-48,Ethernet 1/22,100000,3578,Access
as8000-3,Ethernet118,str-aos7710-48,Ethernet 1/23,100000,3579,Access
as8000-3,Ethernet119,str-aos7710-48,Ethernet 1/24,100000,3580,Access
as8000-3,Ethernet120,str-aos7710-40,Ethernet 1/21,100000,3581,Access
as8000-3,Ethernet121,str-aos7710-48,Ethernet 1/26,100000,3582,Access
as8000-3,Ethernet122,str-aos7710-48,Ethernet 1/27,100000,3583,Access
as8000-3,Ethernet123,str-aos7710-48,Ethernet 1/28,100000,3584,Access
as8000-3,Ethernet124,str-aos7710-48,Ethernet 1/29,100000,3585,Access
as8000-3,Ethernet125,str-aos7710-48,Ethernet 1/30,100000,3586,Access
as8000-3,Ethernet126,str-aos7710-48,Ethernet 1/31,100000,3587,Access
as8000-3,Ethernet127,str-aos7710-48,Ethernet 1/32,100000,3588,Access
str-aos7710-40,Ethernet 1/16,str-aos7710-45,Ethernet 1/25,100000,3461-3492,Trunk
str-aos7710-40,Ethernet 1/18,str-aos7710-46,Ethernet 1/25,100000,3493-3524,Trunk
str-aos7710-40,Ethernet 1/20,str-aos7710-47,Ethernet 1/25,100000,3525-3556,Trunk
str-aos7710-40,Ethernet 1/22,str-aos7710-48,Ethernet 1/25,100000,3557-3588,Trunk


as7712-32x,Ethernet0,str-aos7710-53,Ethernet 1/1,100000,2633,Access
as7712-32x,Ethernet4,str-aos7710-53,Ethernet 1/2,100000,2634,Access
as7712-32x,Ethernet8,str-aos7710-53,Ethernet 1/3,100000,2635,Access
as7712-32x,Ethernet12,str-aos7710-53,Ethernet 1/4,100000,2636,Access
as7712-32x,Ethernet16,str-aos7710-53,Ethernet 1/5,100000,2637,Access
as7712-32x,Ethernet20,str-aos7710-53,Ethernet 1/6,100000,2638,Access
as7712-32x,Ethernet24,str-aos7710-53,Ethernet 1/7,100000,2639,Access
as7712-32x,Ethernet28,str-aos7710-53,Ethernet 1/8,100000,2640,Access
as7712-32x,Ethernet32,str-aos7710-53,Ethernet 1/9,100000,2641,Access
as7712-32x,Ethernet36,str-aos7710-53,Ethernet 1/10,100000,2642,Access
as7712-32x,Ethernet40,str-aos7710-53,Ethernet 1/11,100000,2643,Access
as7712-32x,Ethernet44,str-aos7710-53,Ethernet 1/12,100000,2644,Access
as7712-32x,Ethernet48,str-aos7710-53,Ethernet 1/13,100000,2645,Access
as7712-32x,Ethernet52,str-aos7710-53,Ethernet 1/14,100000,2646,Access
as7712-32x,Ethernet56,str-aos7710-53,Ethernet 1/15,100000,2647,Access
as7712-32x,Ethernet60,str-aos7710-53,Ethernet 1/16,100000,2648,Access
as7712-32x,Ethernet64,str-aos7710-53,Ethernet 1/17,100000,2649,Access
as7712-32x,Ethernet68,str-aos7710-53,Ethernet 1/18,100000,2650,Access
as7712-32x,Ethernet72,str-aos7710-53,Ethernet 1/19,100000,2651,Access
as7712-32x,Ethernet76,str-aos7710-53,Ethernet 1/20,100000,2652,Access
as7712-32x,Ethernet80,str-aos7710-53,Ethernet 1/21,100000,2653,Access
as7712-32x,Ethernet84,str-aos7710-53,Ethernet 1/22,100000,2654,Access
as7712-32x,Ethernet88,str-aos7710-53,Ethernet 1/23,100000,2655,Access
as7712-32x,Ethernet92,str-aos7710-53,Ethernet 1/24,100000,2656,Access
as7712-32x,Ethernet96,str-aos7710-40,Ethernet 1/23,100000,2657,Access
as7712-32x,Ethernet100,str-aos7710-53,Ethernet 1/26,100000,2658,Access
as7712-32x,Ethernet104,str-aos7710-53,Ethernet 1/27,100000,2659,Access
as7712-32x,Ethernet108,str-aos7710-53,Ethernet 1/28,100000,2660,Access
as7712-32x,Ethernet112,str-aos7710-53,Ethernet 1/29,100000,2661,Access
as7712-32x,Ethernet116,str-aos7710-53,Ethernet 1/30,100000,2662,Access
as7712-32x,Ethernet120,str-aos7710-53,Ethernet 1/31,100000,2663,Access
as7712-32x,Ethernet124,str-aos7710-53,Ethernet 1/32,100000,2664,Access
str-aos7710-40,Ethernet 1/24,str-aos7710-53,Ethernet 1/25,100000,2633-2664,Trunk


as5812-54x,Ethernet0,str-aos7710-27,Ethernet 1/33,10000,2701,Access
as5812-54x,Ethernet1,str-aos7710-27,Ethernet 1/34,10000,2702,Access
as5812-54x,Ethernet2,str-aos7710-27,Ethernet 1/35,10000,2703,Access
as5812-54x,Ethernet3,str-aos7710-27,Ethernet 1/36,10000,2704,Access
as5812-54x,Ethernet4,str-aos7710-27,Ethernet 1/37,10000,2705,Access
as5812-54x,Ethernet5,str-aos7710-27,Ethernet 1/38,10000,2706,Access
as5812-54x,Ethernet6,str-aos7710-27,Ethernet 1/39,10000,2707,Access
as5812-54x,Ethernet7,str-aos7710-27,Ethernet 1/40,10000,2708,Access
as5812-54x,Ethernet8,str-aos7710-27,Ethernet 1/41,10000,2709,Access
as5812-54x,Ethernet9,str-aos7710-27,Ethernet 1/42,10000,2710,Access
as5812-54x,Ethernet10,str-aos7710-27,Ethernet 1/43,10000,2711,Access
as5812-54x,Ethernet11,str-aos7710-27,Ethernet 1/44,10000,2712,Access
as5812-54x,Ethernet12,str-aos7710-27,Ethernet 1/45,10000,2713,Access
as5812-54x,Ethernet13,str-aos7710-27,Ethernet 1/46,10000,2714,Access
as5812-54x,Ethernet14,str-aos7710-27,Ethernet 1/47,10000,2715,Access
as5812-54x,Ethernet15,str-aos7710-27,Ethernet 1/48,10000,2716,Access
as5812-54x,Ethernet16,str-aos7710-27,Ethernet 1/49,10000,2717,Access
as5812-54x,Ethernet17,str-aos7710-27,Ethernet 1/50,10000,2718,Access
as5812-54x,Ethernet18,str-aos7710-27,Ethernet 1/51,10000,2719,Access
as5812-54x,Ethernet19,str-aos7710-27,Ethernet 1/52,10000,2720,Access
as5812-54x,Ethernet20,str-aos7710-27,Ethernet 1/53,10000,2721,Access
as5812-54x,Ethernet21,str-aos7710-27,Ethernet 1/54,10000,2722,Access
as5812-54x,Ethernet22,str-aos7710-27,Ethernet 1/55,10000,2723,Access
as5812-54x,Ethernet23,str-aos7710-27,Ethernet 1/56,10000,2724,Access
as5812-54x,Ethernet24,str-aos7710-27,Ethernet 1/57,10000,2725,Access
as5812-54x,Ethernet25,str-aos7710-27,Ethernet 1/58,10000,2726,Access
as5812-54x,Ethernet26,str-aos7710-27,Ethernet 1/59,10000,2727,Access
as5812-54x,Ethernet27,str-aos7710-27,Ethernet 1/60,10000,2728,Access
as5812-54x,Ethernet28,str-aos7710-27,Ethernet 1/61,10000,2729,Access
as5812-54x,Ethernet29,str-aos7710-27,Ethernet 1/62,10000,2730,Access
as5812-54x,Ethernet30,str-aos7710-27,Ethernet 1/63,10000,2731,Access
as5812-54x,Ethernet31,str-aos7710-27,Ethernet 1/64,10000,2732,Access
as5812-54x,Ethernet32,str-aos7710-27,Ethernet 1/65,10000,2733,Access
as5812-54x,Ethernet33,str-aos7710-27,Ethernet 1/66,10000,2734,Access
as5812-54x,Ethernet34,str-aos7710-27,Ethernet 1/67,10000,2735,Access
as5812-54x,Ethernet35,str-aos7710-27,Ethernet 1/68,10000,2736,Access
as5812-54x,Ethernet36,str-aos7710-27,Ethernet 1/69,10000,2737,Access
as5812-54x,Ethernet37,str-aos7710-27,Ethernet 1/70,10000,2738,Access
as5812-54x,Ethernet38,str-aos7710-27,Ethernet 1/71,10000,2739,Access
as5812-54x,Ethernet39,str-aos7710-27,Ethernet 1/72,10000,2740,Access
as5812-54x,Ethernet40,str-aos7710-27,Ethernet 1/73,10000,2741,Access
as5812-54x,Ethernet41,str-aos7710-27,Ethernet 1/74,10000,2742,Access
as5812-54x,Ethernet42,str-aos7710-27,Ethernet 1/75,10000,2743,Access
as5812-54x,Ethernet43,str-aos7710-27,Ethernet 1/76,10000,2744,Access
as5812-54x,Ethernet44,str-aos7710-27,Ethernet 1/77,10000,2745,Access
as5812-54x,Ethernet45,str-aos7710-27,Ethernet 1/78,10000,2746,Access
as5812-54x,Ethernet46,str-aos7710-27,Ethernet 1/79,10000,2747,Access
as5812-54x,Ethernet47,str-aos7710-27,Ethernet 1/80,10000,2748,Access
as5812-54x,Ethernet48,str-aos7710-27,Ethernet 1/13,40000,2749,Access
as5812-54x,Ethernet52,str-aos7710-27,Ethernet 1/14,40000,2750,Access
as5812-54x,Ethernet56,str-aos7710-27,Ethernet 1/15,40000,2751,Access
as5812-54x,Ethernet60,str-aos7710-27,Ethernet 1/16,40000,2752,Access
as5812-54x,Ethernet64,str-aos7710-27,Ethernet 1/17,40000,2753,Access
as5812-54x,Ethernet68,str-aos7710-27,Ethernet 1/18,40000,2754,Access
str-aos7710-11,Ethernet 1/17,str-aos7710-27,Ethernet 1/25,100000,2701-2754,Trunk

as7926,Ethernet0,str-aos7710-50,Ethernet 1/1,100000,3601,Access
as7926,Ethernet2,str-aos7710-50,Ethernet 1/2,100000,3602,Access
as7926,Ethernet4,str-aos7710-50,Ethernet 1/3,100000,3603,Access
as7926,Ethernet6,str-aos7710-50,Ethernet 1/4,100000,3604,Access
as7926,Ethernet8,str-aos7710-50,Ethernet 1/5,100000,3605,Access
as7926,Ethernet10,str-aos7710-50,Ethernet 1/6,100000,3606,Access
as7926,Ethernet12,str-aos7710-50,Ethernet 1/7,100000,3607,Access
as7926,Ethernet14,str-aos7710-50,Ethernet 1/8,100000,3608,Access
as7926,Ethernet16,str-aos7710-50,Ethernet 1/9,100000,3609,Access
as7926,Ethernet18,str-aos7710-50,Ethernet 1/10,100000,3610,Access
as7926,Ethernet20,str-aos7710-50,Ethernet 1/11,100000,3611,Access
as7926,Ethernet22,str-aos7710-50,Ethernet 1/12,100000,3612,Access
as7926,Ethernet24,str-aos7710-50,Ethernet 1/13,100000,3613,Access
as7926,Ethernet26,str-aos7710-50,Ethernet 1/14,100000,3614,Access
as7926,Ethernet28,str-aos7710-50,Ethernet 1/15,100000,3615,Access
as7926,Ethernet30,str-aos7710-50,Ethernet 1/16,100000,3616,Access
as7926,Ethernet32,str-aos7710-50,Ethernet 1/17,100000,3617,Access
as7926,Ethernet34,str-aos7710-50,Ethernet 1/18,100000,3618,Access
as7926,Ethernet36,str-aos7710-50,Ethernet 1/19,100000,3619,Access
as7926,Ethernet38,str-aos7710-50,Ethernet 1/20,100000,3620,Access
as7926,Ethernet40,str-aos7710-50,Ethernet 1/21,100000,3621,Access
as7926,Ethernet42,str-aos7710-50,Ethernet 1/22,100000,3622,Access
as7926,Ethernet44,str-aos7710-50,Ethernet 1/23,100000,3623,Access
as7926,Ethernet46,str-aos7710-50,Ethernet 1/24,100000,3624,Access
as7926,Ethernet48,str-aos7710-50,Ethernet 1/26,100000,3625,Access
as7926,Ethernet50,str-aos7710-50,Ethernet 1/27,100000,3626,Access
as7926,Ethernet52,str-aos7710-50,Ethernet 1/28,100000,3627,Access
as7926,Ethernet54,str-aos7710-50,Ethernet 1/29,100000,3628,Access
as7926,Ethernet56,str-aos7710-50,Ethernet 1/30,100000,3629,Access
as7926,Ethernet58,str-aos7710-50,Ethernet 1/31,100000,3630,Access
as7926,Ethernet60,str-aos7710-51,Ethernet 1/1,100000,3631,Access
as7926,Ethernet62,str-aos7710-51,Ethernet 1/2,100000,3632,Access
as7926,Ethernet64,str-aos7710-51,Ethernet 1/3,100000,3633,Access
as7926,Ethernet66,str-aos7710-51,Ethernet 1/4,100000,3634,Access
as7926,Ethernet68,str-aos7710-51,Ethernet 1/5,100000,3635,Access
as7926,Ethernet70,str-aos7710-51,Ethernet 1/6,100000,3636,Access
as7926,Ethernet72,str-aos7710-51,Ethernet 1/7,100000,3637,Access
as7926,Ethernet74,str-aos7710-51,Ethernet 1/8,100000,3638,Access
as7926,Ethernet76,str-aos7710-51,Ethernet 1/9,100000,3639,Access
as7926,Ethernet78,str-aos7710-51,Ethernet 1/10,100000,3640,Access
str-aos7710-11,Ethernet 1/28,str-aos7710-50,Ethernet 1/25,100000,3601-3630,Trunk
str-aos7710-11,Ethernet 1/29,str-aos7710-51,Ethernet 1/25,100000,3631-3640,Trunk


as5812-54x-3,Ethernet0,str-aos7710-49,Ethernet 1/33,10000,3353,Access
as5812-54x-3,Ethernet1,str-aos7710-49,Ethernet 1/34,10000,3354,Access
as5812-54x-3,Ethernet2,str-aos7710-49,Ethernet 1/35,10000,3355,Access
as5812-54x-3,Ethernet3,str-aos7710-49,Ethernet 1/36,10000,3356,Access
as5812-54x-3,Ethernet4,str-aos7710-49,Ethernet 1/37,10000,3357,Access
as5812-54x-3,Ethernet5,str-aos7710-49,Ethernet 1/38,10000,3358,Access
as5812-54x-3,Ethernet6,str-aos7710-49,Ethernet 1/39,10000,3359,Access
as5812-54x-3,Ethernet7,str-aos7710-49,Ethernet 1/40,10000,3360,Access
as5812-54x-3,Ethernet8,str-aos7710-49,Ethernet 1/41,10000,3361,Access
as5812-54x-3,Ethernet9,str-aos7710-49,Ethernet 1/42,10000,3362,Access
as5812-54x-3,Ethernet10,str-aos7710-49,Ethernet 1/43,10000,3363,Access
as5812-54x-3,Ethernet11,str-aos7710-49,Ethernet 1/44,10000,3364,Access
as5812-54x-3,Ethernet12,str-aos7710-49,Ethernet 1/45,10000,3365,Access
as5812-54x-3,Ethernet13,str-aos7710-49,Ethernet 1/46,10000,3366,Access
as5812-54x-3,Ethernet14,str-aos7710-49,Ethernet 1/47,10000,3367,Access
as5812-54x-3,Ethernet15,str-aos7710-49,Ethernet 1/48,10000,3368,Access
as5812-54x-3,Ethernet16,str-aos7710-49,Ethernet 1/49,10000,3369,Access
as5812-54x-3,Ethernet17,str-aos7710-49,Ethernet 1/50,10000,3370,Access
as5812-54x-3,Ethernet18,str-aos7710-49,Ethernet 1/51,10000,3371,Access
as5812-54x-3,Ethernet19,str-aos7710-49,Ethernet 1/52,10000,3372,Access
as5812-54x-3,Ethernet20,str-aos7710-49,Ethernet 1/53,10000,3373,Access
as5812-54x-3,Ethernet21,str-aos7710-49,Ethernet 1/54,10000,3374,Access
as5812-54x-3,Ethernet22,str-aos7710-49,Ethernet 1/55,10000,3375,Access
as5812-54x-3,Ethernet23,str-aos7710-49,Ethernet 1/56,10000,3376,Access
as5812-54x-3,Ethernet24,str-aos7710-49,Ethernet 1/57,10000,3377,Access
as5812-54x-3,Ethernet25,str-aos7710-49,Ethernet 1/58,10000,3378,Access
as5812-54x-3,Ethernet26,str-aos7710-49,Ethernet 1/59,10000,3379,Access
as5812-54x-3,Ethernet27,str-aos7710-49,Ethernet 1/60,10000,3380,Access
as5812-54x-3,Ethernet28,str-aos7710-49,Ethernet 1/61,10000,3381,Access
as5812-54x-3,Ethernet29,str-aos7710-49,Ethernet 1/62,10000,3382,Access
as5812-54x-3,Ethernet30,str-aos7710-49,Ethernet 1/63,10000,3383,Access
as5812-54x-3,Ethernet31,str-aos7710-49,Ethernet 1/64,10000,3384,Access
as5812-54x-3,Ethernet32,str-aos7710-49,Ethernet 1/65,10000,3385,Access
as5812-54x-3,Ethernet33,str-aos7710-49,Ethernet 1/66,10000,3386,Access
as5812-54x-3,Ethernet34,str-aos7710-49,Ethernet 1/67,10000,3387,Access
as5812-54x-3,Ethernet35,str-aos7710-49,Ethernet 1/68,10000,3388,Access
as5812-54x-3,Ethernet36,str-aos7710-49,Ethernet 1/69,10000,3389,Access
as5812-54x-3,Ethernet37,str-aos7710-49,Ethernet 1/70,10000,3390,Access
as5812-54x-3,Ethernet38,str-aos7710-49,Ethernet 1/71,10000,3391,Access
as5812-54x-3,Ethernet39,str-aos7710-49,Ethernet 1/72,10000,3392,Access
as5812-54x-3,Ethernet40,str-aos7710-49,Ethernet 1/73,10000,3393,Access
as5812-54x-3,Ethernet41,str-aos7710-49,Ethernet 1/74,10000,3394,Access
as5812-54x-3,Ethernet42,str-aos7710-49,Ethernet 1/75,10000,3395,Access
as5812-54x-3,Ethernet43,str-aos7710-49,Ethernet 1/76,10000,3396,Access
as5812-54x-3,Ethernet44,str-aos7710-49,Ethernet 1/77,10000,3397,Access
as5812-54x-3,Ethernet45,str-aos7710-49,Ethernet 1/78,10000,3398,Access
as5812-54x-3,Ethernet46,str-aos7710-49,Ethernet 1/79,10000,3399,Access
as5812-54x-3,Ethernet47,str-aos7710-49,Ethernet 1/80,10000,3400,Access
as5812-54x-3,Ethernet48,str-aos7710-49,Ethernet 1/13,40000,3401,Access
as5812-54x-3,Ethernet52,str-aos7710-49,Ethernet 1/14,40000,3402,Access
as5812-54x-3,Ethernet56,str-aos7710-49,Ethernet 1/15,40000,3403,Access
as5812-54x-3,Ethernet60,str-aos7710-49,Ethernet 1/16,40000,3404,Access
as5812-54x-3,Ethernet64,str-aos7710-49,Ethernet 1/17,40000,3405,Access
as5812-54x-3,Ethernet68,str-aos7710-49,Ethernet 1/18,40000,3406,Access
str-aos7710-40,Ethernet 1/10,str-aos7710-49,Ethernet 1/25,100000,3353-3406,Trunk


wedge100bf-32x-1,Ethernet0,str-aos7710-55,Ethernet 1/1,100000,2801,Access
wedge100bf-32x-1,Ethernet4,str-aos7710-55,Ethernet 1/2,100000,2802,Access
wedge100bf-32x-1,Ethernet8,str-aos7710-55,Ethernet 1/3,100000,2803,Access
wedge100bf-32x-1,Ethernet12,str-aos7710-55,Ethernet 1/4,100000,2804,Access
wedge100bf-32x-1,Ethernet16,str-aos7710-55,Ethernet 1/5,100000,2805,Access
wedge100bf-32x-1,Ethernet20,str-aos7710-55,Ethernet 1/6,100000,2806,Access
wedge100bf-32x-1,Ethernet24,str-aos7710-55,Ethernet 1/7,100000,2807,Access
wedge100bf-32x-1,Ethernet28,str-aos7710-55,Ethernet 1/8,100000,2808,Access
wedge100bf-32x-1,Ethernet32,str-aos7710-55,Ethernet 1/9,100000,2809,Access
wedge100bf-32x-1,Ethernet36,str-aos7710-55,Ethernet 1/10,100000,2810,Access
wedge100bf-32x-1,Ethernet40,str-aos7710-55,Ethernet 1/11,100000,2811,Access
wedge100bf-32x-1,Ethernet44,str-aos7710-55,Ethernet 1/12,100000,2812,Access
wedge100bf-32x-1,Ethernet48,str-aos7710-55,Ethernet 1/13,100000,2813,Access
wedge100bf-32x-1,Ethernet52,str-aos7710-55,Ethernet 1/14,100000,2814,Access
wedge100bf-32x-1,Ethernet56,str-aos7710-55,Ethernet 1/15,100000,2815,Access
wedge100bf-32x-1,Ethernet60,str-aos7710-55,Ethernet 1/16,100000,2816,Access
wedge100bf-32x-1,Ethernet64,str-aos7710-55,Ethernet 1/17,100000,2817,Access
wedge100bf-32x-1,Ethernet68,str-aos7710-55,Ethernet 1/18,100000,2818,Access
wedge100bf-32x-1,Ethernet72,str-aos7710-55,Ethernet 1/19,100000,2819,Access
wedge100bf-32x-1,Ethernet76,str-aos7710-55,Ethernet 1/20,100000,2820,Access
wedge100bf-32x-1,Ethernet80,str-aos7710-55,Ethernet 1/21,100000,2821,Access
wedge100bf-32x-1,Ethernet84,str-aos7710-55,Ethernet 1/22,100000,2822,Access
wedge100bf-32x-1,Ethernet88,str-aos7710-55,Ethernet 1/23,100000,2823,Access
wedge100bf-32x-1,Ethernet92,str-aos7710-55,Ethernet 1/24,100000,2824,Access
wedge100bf-32x-1,Ethernet96,str-aos7710-54,Ethernet 1/4,100000,2825,Access
wedge100bf-32x-1,Ethernet100,str-aos7710-55,Ethernet 1/26,100000,2826,Access
wedge100bf-32x-1,Ethernet104,str-aos7710-55,Ethernet 1/27,100000,2827,Access
wedge100bf-32x-1,Ethernet108,str-aos7710-55,Ethernet 1/28,100000,2828,Access
wedge100bf-32x-1,Ethernet112,str-aos7710-55,Ethernet 1/29,100000,2829,Access
wedge100bf-32x-1,Ethernet116,str-aos7710-55,Ethernet 1/30,100000,2830,Access
wedge100bf-32x-1,Ethernet120,str-aos7710-55,Ethernet 1/31,100000,2831,Access
wedge100bf-32x-1,Ethernet124,str-aos7710-55,Ethernet 1/32,100000,2832,Access
str-aos7710-54,Ethernet 1/2,str-aos7710-55,Ethernet 1/25,100000,2801-2832,Trunk

wedge100bf-32x-2,Ethernet0,str-aos7710-56,Ethernet 1/1,100000,2833,Access
wedge100bf-32x-2,Ethernet4,str-aos7710-56,Ethernet 1/2,100000,2834,Access
wedge100bf-32x-2,Ethernet8,str-aos7710-56,Ethernet 1/3,100000,2835,Access
wedge100bf-32x-2,Ethernet12,str-aos7710-56,Ethernet 1/4,100000,2836,Access
wedge100bf-32x-2,Ethernet16,str-aos7710-56,Ethernet 1/5,100000,2837,Access
wedge100bf-32x-2,Ethernet20,str-aos7710-56,Ethernet 1/6,100000,2838,Access
wedge100bf-32x-2,Ethernet24,str-aos7710-56,Ethernet 1/7,100000,2839,Access
wedge100bf-32x-2,Ethernet28,str-aos7710-56,Ethernet 1/8,100000,2840,Access
wedge100bf-32x-2,Ethernet32,str-aos7710-56,Ethernet 1/9,100000,2841,Access
wedge100bf-32x-2,Ethernet36,str-aos7710-56,Ethernet 1/10,100000,2842,Access
wedge100bf-32x-2,Ethernet40,str-aos7710-56,Ethernet 1/11,100000,2843,Access
wedge100bf-32x-2,Ethernet44,str-aos7710-56,Ethernet 1/12,100000,2844,Access
wedge100bf-32x-2,Ethernet48,str-aos7710-56,Ethernet 1/13,100000,2845,Access
wedge100bf-32x-2,Ethernet52,str-aos7710-56,Ethernet 1/14,100000,2846,Access
wedge100bf-32x-2,Ethernet56,str-aos7710-56,Ethernet 1/15,100000,2847,Access
wedge100bf-32x-2,Ethernet60,str-aos7710-56,Ethernet 1/16,100000,2848,Access
wedge100bf-32x-2,Ethernet64,str-aos7710-56,Ethernet 1/17,100000,2849,Access
wedge100bf-32x-2,Ethernet68,str-aos7710-56,Ethernet 1/18,100000,2850,Access
wedge100bf-32x-2,Ethernet72,str-aos7710-56,Ethernet 1/19,100000,2851,Access
wedge100bf-32x-2,Ethernet76,str-aos7710-56,Ethernet 1/20,100000,2852,Access
wedge100bf-32x-2,Ethernet80,str-aos7710-56,Ethernet 1/21,100000,2853,Access
wedge100bf-32x-2,Ethernet84,str-aos7710-56,Ethernet 1/22,100000,2854,Access
wedge100bf-32x-2,Ethernet88,str-aos7710-56,Ethernet 1/23,100000,2855,Access
wedge100bf-32x-2,Ethernet92,str-aos7710-56,Ethernet 1/24,100000,2856,Access
wedge100bf-32x-2,Ethernet96,str-aos7710-54,Ethernet 1/8,100000,2857,Access
wedge100bf-32x-2,Ethernet100,str-aos7710-56,Ethernet 1/26,100000,2858,Access
wedge100bf-32x-2,Ethernet104,str-aos7710-56,Ethernet 1/27,100000,2859,Access
wedge100bf-32x-2,Ethernet108,str-aos7710-56,Ethernet 1/28,100000,2860,Access
wedge100bf-32x-2,Ethernet112,str-aos7710-56,Ethernet 1/29,100000,2861,Access
wedge100bf-32x-2,Ethernet116,str-aos7710-56,Ethernet 1/30,100000,2862,Access
wedge100bf-32x-2,Ethernet120,str-aos7710-56,Ethernet 1/31,100000,2863,Access
wedge100bf-32x-2,Ethernet124,str-aos7710-56,Ethernet 1/32,100000,2864,Access
str-aos7710-54,Ethernet 1/6,str-aos7710-56,Ethernet 1/25,100000,2833-2864,Trunk

as9716-32d-1,Ethernet0,str-aos7710-57,Ethernet 1/1,100000,2865,Access
as9716-32d-1,Ethernet8,str-aos7710-57,Ethernet 1/2,100000,2866,Access
as9716-32d-1,Ethernet16,str-aos7710-57,Ethernet 1/3,100000,2867,Access
as9716-32d-1,Ethernet24,str-aos7710-57,Ethernet 1/4,100000,2868,Access
as9716-32d-1,Ethernet32,str-aos7710-57,Ethernet 1/5,100000,2869,Access
as9716-32d-1,Ethernet40,str-aos7710-57,Ethernet 1/6,100000,2870,Access
as9716-32d-1,Ethernet48,str-aos7710-57,Ethernet 1/7,100000,2871,Access
as9716-32d-1,Ethernet56,str-aos7710-57,Ethernet 1/8,100000,2872,Access
as9716-32d-1,Ethernet64,str-aos7710-57,Ethernet 1/9,100000,2873,Access
as9716-32d-1,Ethernet72,str-aos7710-57,Ethernet 1/10,100000,2874,Access
as9716-32d-1,Ethernet80,str-aos7710-57,Ethernet 1/11,100000,2875,Access
as9716-32d-1,Ethernet88,str-aos7710-57,Ethernet 1/12,100000,2876,Access
as9716-32d-1,Ethernet96,str-aos7710-57,Ethernet 1/13,100000,2877,Access
as9716-32d-1,Ethernet104,str-aos7710-57,Ethernet 1/14,100000,2878,Access
as9716-32d-1,Ethernet112,str-aos7710-57,Ethernet 1/15,100000,2879,Access
as9716-32d-1,Ethernet120,str-aos7710-57,Ethernet 1/16,100000,2880,Access
as9716-32d-1,Ethernet128,str-aos7710-57,Ethernet 1/17,100000,2881,Access
as9716-32d-1,Ethernet136,str-aos7710-57,Ethernet 1/18,100000,2882,Access
as9716-32d-1,Ethernet144,str-aos7710-57,Ethernet 1/19,100000,2883,Access
as9716-32d-1,Ethernet152,str-aos7710-57,Ethernet 1/20,100000,2884,Access
as9716-32d-1,Ethernet160,str-aos7710-57,Ethernet 1/21,100000,2885,Access
as9716-32d-1,Ethernet168,str-aos7710-57,Ethernet 1/22,100000,2886,Access
as9716-32d-1,Ethernet176,str-aos7710-57,Ethernet 1/23,100000,2887,Access
as9716-32d-1,Ethernet184,str-aos7710-57,Ethernet 1/24,100000,2888,Access
as9716-32d-1,Ethernet192,str-aos7710-54,Ethernet 1/12,100000,2889,Access
as9716-32d-1,Ethernet200,str-aos7710-57,Ethernet 1/26,100000,2890,Access
as9716-32d-1,Ethernet208,str-aos7710-57,Ethernet 1/27,100000,2891,Access
as9716-32d-1,Ethernet216,str-aos7710-57,Ethernet 1/28,100000,2892,Access
as9716-32d-1,Ethernet224,str-aos7710-57,Ethernet 1/29,100000,2893,Access
as9716-32d-1,Ethernet232,str-aos7710-57,Ethernet 1/30,100000,2894,Access
as9716-32d-1,Ethernet240,str-aos7710-57,Ethernet 1/31,100000,2895,Access
as9716-32d-1,Ethernet248,str-aos7710-57,Ethernet 1/32,100000,2896,Access
str-aos7710-54,Ethernet 1/10,str-aos7710-57,Ethernet 1/25,100000,2865-2896,Trunk

as9716-32d-2,Ethernet0,str-aos7710-58,Ethernet 1/1,100000,2897,Access
as9716-32d-2,Ethernet8,str-aos7710-58,Ethernet 1/2,100000,2898,Access
as9716-32d-2,Ethernet16,str-aos7710-58,Ethernet 1/3,100000,2899,Access
as9716-32d-2,Ethernet24,str-aos7710-58,Ethernet 1/4,100000,2900,Access
as9716-32d-2,Ethernet32,str-aos7710-58,Ethernet 1/5,100000,2901,Access
as9716-32d-2,Ethernet40,str-aos7710-58,Ethernet 1/6,100000,2902,Access
as9716-32d-2,Ethernet48,str-aos7710-58,Ethernet 1/7,100000,2903,Access
as9716-32d-2,Ethernet56,str-aos7710-58,Ethernet 1/8,100000,2904,Access
as9716-32d-2,Ethernet64,str-aos7710-58,Ethernet 1/9,100000,2905,Access
as9716-32d-2,Ethernet72,str-aos7710-58,Ethernet 1/10,100000,2906,Access
as9716-32d-2,Ethernet80,str-aos7710-58,Ethernet 1/11,100000,2907,Access
as9716-32d-2,Ethernet88,str-aos7710-58,Ethernet 1/12,100000,2908,Access
as9716-32d-2,Ethernet96,str-aos7710-58,Ethernet 1/13,100000,2909,Access
as9716-32d-2,Ethernet104,str-aos7710-58,Ethernet 1/14,100000,2910,Access
as9716-32d-2,Ethernet112,str-aos7710-58,Ethernet 1/15,100000,2911,Access
as9716-32d-2,Ethernet120,str-aos7710-58,Ethernet 1/16,100000,2912,Access
as9716-32d-2,Ethernet128,str-aos7710-58,Ethernet 1/17,100000,2913,Access
as9716-32d-2,Ethernet136,str-aos7710-58,Ethernet 1/18,100000,2914,Access
as9716-32d-2,Ethernet144,str-aos7710-58,Ethernet 1/19,100000,2915,Access
as9716-32d-2,Ethernet152,str-aos7710-58,Ethernet 1/20,100000,2916,Access
as9716-32d-2,Ethernet160,str-aos7710-58,Ethernet 1/21,100000,2917,Access
as9716-32d-2,Ethernet168,str-aos7710-58,Ethernet 1/22,100000,2918,Access
as9716-32d-2,Ethernet176,str-aos7710-58,Ethernet 1/23,100000,2919,Access
as9716-32d-2,Ethernet184,str-aos7710-58,Ethernet 1/24,100000,2920,Access
as9716-32d-2,Ethernet192,str-aos7710-54,Ethernet 1/16,100000,2921,Access
as9716-32d-2,Ethernet200,str-aos7710-58,Ethernet 1/26,100000,2922,Access
as9716-32d-2,Ethernet208,str-aos7710-58,Ethernet 1/27,100000,2923,Access
as9716-32d-2,Ethernet216,str-aos7710-58,Ethernet 1/28,100000,2924,Access
as9716-32d-2,Ethernet224,str-aos7710-58,Ethernet 1/29,100000,2925,Access
as9716-32d-2,Ethernet232,str-aos7710-58,Ethernet 1/30,100000,2926,Access
as9716-32d-2,Ethernet240,str-aos7710-58,Ethernet 1/31,100000,2927,Access
as9716-32d-2,Ethernet248,str-aos7710-58,Ethernet 1/32,100000,2928,Access
str-aos7710-54,Ethernet 1/14,str-aos7710-58,Ethernet 1/25,100000,2897-2928,Trunk

as4630-54pe-1,Ethernet0,str-ecs4120-01,Ethernet 1/1,1000,2929,Access
as4630-54pe-1,Ethernet1,str-ecs4120-01,Ethernet 1/2,1000,2930,Access
as4630-54pe-1,Ethernet2,str-ecs4120-01,Ethernet 1/3,1000,2931,Access
as4630-54pe-1,Ethernet3,str-ecs4120-01,Ethernet 1/4,1000,2932,Access
as4630-54pe-1,Ethernet4,str-ecs4120-01,Ethernet 1/5,1000,2933,Access
as4630-54pe-1,Ethernet5,str-ecs4120-01,Ethernet 1/6,1000,2934,Access
as4630-54pe-1,Ethernet6,str-ecs4120-01,Ethernet 1/7,1000,2935,Access
as4630-54pe-1,Ethernet7,str-ecs4120-01,Ethernet 1/8,1000,2936,Access
as4630-54pe-1,Ethernet8,str-ecs4120-01,Ethernet 1/9,1000,2937,Access
as4630-54pe-1,Ethernet9,str-ecs4120-01,Ethernet 1/10,1000,2938,Access
as4630-54pe-1,Ethernet10,str-ecs4120-01,Ethernet 1/11,1000,2939,Access
as4630-54pe-1,Ethernet11,str-ecs4120-01,Ethernet 1/12,1000,2940,Access
as4630-54pe-1,Ethernet12,str-ecs4120-01,Ethernet 1/13,1000,2941,Access
as4630-54pe-1,Ethernet13,str-ecs4120-01,Ethernet 1/14,1000,2942,Access
as4630-54pe-1,Ethernet14,str-ecs4120-01,Ethernet 1/15,1000,2943,Access
as4630-54pe-1,Ethernet15,str-ecs4120-01,Ethernet 1/16,1000,2944,Access
as4630-54pe-1,Ethernet16,str-ecs4120-01,Ethernet 1/17,1000,2945,Access
as4630-54pe-1,Ethernet17,str-ecs4120-01,Ethernet 1/18,1000,2946,Access
as4630-54pe-1,Ethernet18,str-ecs4120-01,Ethernet 1/19,1000,2947,Access
as4630-54pe-1,Ethernet19,str-ecs4120-01,Ethernet 1/20,1000,2948,Access
as4630-54pe-1,Ethernet20,str-ecs4120-01,Ethernet 1/21,1000,2949,Access
as4630-54pe-1,Ethernet21,str-ecs4120-01,Ethernet 1/22,1000,2950,Access
as4630-54pe-1,Ethernet22,str-ecs4120-01,Ethernet 1/23,1000,2951,Access
as4630-54pe-1,Ethernet23,str-ecs4120-01,Ethernet 1/24,1000,2952,Access
as4630-54pe-1,Ethernet24,str-ecs4120-01,Ethernet 1/25,1000,2953,Access
as4630-54pe-1,Ethernet25,str-ecs4120-01,Ethernet 1/26,1000,2954,Access
as4630-54pe-1,Ethernet26,str-ecs4120-01,Ethernet 1/27,1000,2955,Access
as4630-54pe-1,Ethernet27,str-ecs4120-01,Ethernet 1/28,1000,2956,Access
as4630-54pe-1,Ethernet28,str-ecs4120-01,Ethernet 1/29,1000,2957,Access
as4630-54pe-1,Ethernet29,str-ecs4120-01,Ethernet 1/30,1000,2958,Access
as4630-54pe-1,Ethernet30,str-ecs4120-01,Ethernet 1/31,1000,2959,Access
as4630-54pe-1,Ethernet31,str-ecs4120-01,Ethernet 1/32,1000,2960,Access
as4630-54pe-1,Ethernet32,str-ecs4120-01,Ethernet 1/33,1000,2961,Access
as4630-54pe-1,Ethernet33,str-ecs4120-01,Ethernet 1/34,1000,2962,Access
as4630-54pe-1,Ethernet34,str-ecs4120-01,Ethernet 1/35,1000,2963,Access
as4630-54pe-1,Ethernet35,str-ecs4120-01,Ethernet 1/36,1000,2964,Access
as4630-54pe-1,Ethernet36,str-ecs4120-01,Ethernet 1/37,1000,2965,Access
as4630-54pe-1,Ethernet37,str-ecs4120-01,Ethernet 1/38,1000,2966,Access
as4630-54pe-1,Ethernet38,str-ecs4120-01,Ethernet 1/39,1000,2967,Access
as4630-54pe-1,Ethernet39,str-ecs4120-01,Ethernet 1/40,1000,2968,Access
as4630-54pe-1,Ethernet40,str-ecs4120-01,Ethernet 1/41,1000,2969,Access
as4630-54pe-1,Ethernet41,str-ecs4120-01,Ethernet 1/42,1000,2970,Access
as4630-54pe-1,Ethernet42,str-ecs4120-01,Ethernet 1/43,1000,2971,Access
as4630-54pe-1,Ethernet43,str-ecs4120-01,Ethernet 1/44,1000,2972,Access
as4630-54pe-1,Ethernet44,str-ecs4120-01,Ethernet 1/45,1000,2973,Access
as4630-54pe-1,Ethernet45,str-ecs4120-01,Ethernet 1/46,1000,2974,Access
as4630-54pe-1,Ethernet46,str-ecs4120-01,Ethernet 1/47,1000,2975,Access
as4630-54pe-1,Ethernet47,str-ecs4120-01,Ethernet 1/48,1000,2976,Access
as4630-54pe-1,Ethernet48,str-aos7710-54,Ethernet 1/41,25000,2977,Access
as4630-54pe-1,Ethernet49,str-aos7710-54,Ethernet 1/42,25000,2978,Access
as4630-54pe-1,Ethernet50,str-aos7710-54,Ethernet 1/43,25000,2979,Access
as4630-54pe-1,Ethernet51,str-aos7710-54,Ethernet 1/44,25000,2980,Access
as4630-54pe-1,Ethernet52,str-aos7710-54,Ethernet 1/5,100000,2981,Access
as4630-54pe-1,Ethernet56,str-aos7710-54,Ethernet 1/7,100000,2982,Access
str-aos7710-54,Ethernet 1/33,str-ecs4120-01,Ethernet 1/49,10000,2929-2982,Trunk

as4630-54pe-2,Ethernet0,str-ecs4120-02,Ethernet 1/1,1000,2983,Access
as4630-54pe-2,Ethernet1,str-ecs4120-02,Ethernet 1/2,1000,2984,Access
as4630-54pe-2,Ethernet2,str-ecs4120-02,Ethernet 1/3,1000,2985,Access
as4630-54pe-2,Ethernet3,str-ecs4120-02,Ethernet 1/4,1000,2986,Access
as4630-54pe-2,Ethernet4,str-ecs4120-02,Ethernet 1/5,1000,2987,Access
as4630-54pe-2,Ethernet5,str-ecs4120-02,Ethernet 1/6,1000,2988,Access
as4630-54pe-2,Ethernet6,str-ecs4120-02,Ethernet 1/7,1000,2989,Access
as4630-54pe-2,Ethernet7,str-ecs4120-02,Ethernet 1/8,1000,2990,Access
as4630-54pe-2,Ethernet8,str-ecs4120-02,Ethernet 1/9,1000,2991,Access
as4630-54pe-2,Ethernet9,str-ecs4120-02,Ethernet 1/10,1000,2992,Access
as4630-54pe-2,Ethernet10,str-ecs4120-02,Ethernet 1/11,1000,2993,Access
as4630-54pe-2,Ethernet11,str-ecs4120-02,Ethernet 1/12,1000,2994,Access
as4630-54pe-2,Ethernet12,str-ecs4120-02,Ethernet 1/13,1000,2995,Access
as4630-54pe-2,Ethernet13,str-ecs4120-02,Ethernet 1/14,1000,2996,Access
as4630-54pe-2,Ethernet14,str-ecs4120-02,Ethernet 1/15,1000,2997,Access
as4630-54pe-2,Ethernet15,str-ecs4120-02,Ethernet 1/16,1000,2998,Access
as4630-54pe-2,Ethernet16,str-ecs4120-02,Ethernet 1/17,1000,2999,Access
as4630-54pe-2,Ethernet17,str-ecs4120-02,Ethernet 1/18,1000,3000,Access
as4630-54pe-2,Ethernet18,str-ecs4120-02,Ethernet 1/19,1000,3001,Access
as4630-54pe-2,Ethernet19,str-ecs4120-02,Ethernet 1/20,1000,3002,Access
as4630-54pe-2,Ethernet20,str-ecs4120-02,Ethernet 1/21,1000,3003,Access
as4630-54pe-2,Ethernet21,str-ecs4120-02,Ethernet 1/22,1000,3004,Access
as4630-54pe-2,Ethernet22,str-ecs4120-02,Ethernet 1/23,1000,3005,Access
as4630-54pe-2,Ethernet23,str-ecs4120-02,Ethernet 1/24,1000,3006,Access
as4630-54pe-2,Ethernet24,str-ecs4120-02,Ethernet 1/25,1000,3007,Access
as4630-54pe-2,Ethernet25,str-ecs4120-02,Ethernet 1/26,1000,3008,Access
as4630-54pe-2,Ethernet26,str-ecs4120-02,Ethernet 1/27,1000,3009,Access
as4630-54pe-2,Ethernet27,str-ecs4120-02,Ethernet 1/28,1000,3010,Access
as4630-54pe-2,Ethernet28,str-ecs4120-02,Ethernet 1/29,1000,3011,Access
as4630-54pe-2,Ethernet29,str-ecs4120-02,Ethernet 1/30,1000,3012,Access
as4630-54pe-2,Ethernet30,str-ecs4120-02,Ethernet 1/31,1000,3013,Access
as4630-54pe-2,Ethernet31,str-ecs4120-02,Ethernet 1/32,1000,3014,Access
as4630-54pe-2,Ethernet32,str-ecs4120-02,Ethernet 1/33,1000,3015,Access
as4630-54pe-2,Ethernet33,str-ecs4120-02,Ethernet 1/34,1000,3016,Access
as4630-54pe-2,Ethernet34,str-ecs4120-02,Ethernet 1/35,1000,3017,Access
as4630-54pe-2,Ethernet35,str-ecs4120-02,Ethernet 1/36,1000,3018,Access
as4630-54pe-2,Ethernet36,str-ecs4120-02,Ethernet 1/37,1000,3019,Access
as4630-54pe-2,Ethernet37,str-ecs4120-02,Ethernet 1/38,1000,3020,Access
as4630-54pe-2,Ethernet38,str-ecs4120-02,Ethernet 1/39,1000,3021,Access
as4630-54pe-2,Ethernet39,str-ecs4120-02,Ethernet 1/40,1000,3022,Access
as4630-54pe-2,Ethernet40,str-ecs4120-02,Ethernet 1/41,1000,3023,Access
as4630-54pe-2,Ethernet41,str-ecs4120-02,Ethernet 1/42,1000,3024,Access
as4630-54pe-2,Ethernet42,str-ecs4120-02,Ethernet 1/43,1000,3025,Access
as4630-54pe-2,Ethernet43,str-ecs4120-02,Ethernet 1/44,1000,3026,Access
as4630-54pe-2,Ethernet44,str-ecs4120-02,Ethernet 1/45,1000,3027,Access
as4630-54pe-2,Ethernet45,str-ecs4120-02,Ethernet 1/46,1000,3028,Access
as4630-54pe-2,Ethernet46,str-ecs4120-02,Ethernet 1/47,1000,3029,Access
as4630-54pe-2,Ethernet47,str-ecs4120-02,Ethernet 1/48,1000,3030,Access
as4630-54pe-2,Ethernet48,str-aos7710-54,Ethernet 1/73,25000,3031,Access
as4630-54pe-2,Ethernet49,str-aos7710-54,Ethernet 1/74,25000,3032,Access
as4630-54pe-2,Ethernet50,str-aos7710-54,Ethernet 1/75,25000,3033,Access
as4630-54pe-2,Ethernet51,str-aos7710-54,Ethernet 1/76,25000,3034,Access
as4630-54pe-2,Ethernet52,str-aos7710-54,Ethernet 1/13,100000,3035,Access
as4630-54pe-2,Ethernet56,str-aos7710-54,Ethernet 1/15,100000,3036,Access
str-aos7710-54,Ethernet 1/65,str-ecs4120-02,Ethernet 1/49,10000,2983-3036,Trunk

as5835-54t-1,Ethernet0,str-as5812-54t-01,Ethernet 1/1,10000,3037,Access
as5835-54t-1,Ethernet1,str-as5812-54t-01,Ethernet 1/2,10000,3038,Access
as5835-54t-1,Ethernet2,str-as5812-54t-01,Ethernet 1/3,10000,3039,Access
as5835-54t-1,Ethernet3,str-as5812-54t-01,Ethernet 1/4,10000,3040,Access
as5835-54t-1,Ethernet4,str-as5812-54t-01,Ethernet 1/5,10000,3041,Access
as5835-54t-1,Ethernet5,str-as5812-54t-01,Ethernet 1/6,10000,3042,Access
as5835-54t-1,Ethernet6,str-as5812-54t-01,Ethernet 1/7,10000,3043,Access
as5835-54t-1,Ethernet7,str-as5812-54t-01,Ethernet 1/8,10000,3044,Access
as5835-54t-1,Ethernet8,str-as5812-54t-01,Ethernet 1/9,10000,3045,Access
as5835-54t-1,Ethernet9,str-as5812-54t-01,Ethernet 1/10,10000,3046,Access
as5835-54t-1,Ethernet10,str-as5812-54t-01,Ethernet 1/11,10000,3047,Access
as5835-54t-1,Ethernet11,str-as5812-54t-01,Ethernet 1/12,10000,3048,Access
as5835-54t-1,Ethernet12,str-as5812-54t-01,Ethernet 1/13,10000,3049,Access
as5835-54t-1,Ethernet13,str-as5812-54t-01,Ethernet 1/14,10000,3050,Access
as5835-54t-1,Ethernet14,str-as5812-54t-01,Ethernet 1/15,10000,3051,Access
as5835-54t-1,Ethernet15,str-as5812-54t-01,Ethernet 1/16,10000,3052,Access
as5835-54t-1,Ethernet16,str-as5812-54t-01,Ethernet 1/17,10000,3053,Access
as5835-54t-1,Ethernet17,str-as5812-54t-01,Ethernet 1/18,10000,3054,Access
as5835-54t-1,Ethernet18,str-as5812-54t-01,Ethernet 1/19,10000,3055,Access
as5835-54t-1,Ethernet19,str-as5812-54t-01,Ethernet 1/20,10000,3056,Access
as5835-54t-1,Ethernet20,str-as5812-54t-01,Ethernet 1/21,10000,3057,Access
as5835-54t-1,Ethernet21,str-as5812-54t-01,Ethernet 1/22,10000,3058,Access
as5835-54t-1,Ethernet22,str-as5812-54t-01,Ethernet 1/23,10000,3059,Access
as5835-54t-1,Ethernet23,str-as5812-54t-01,Ethernet 1/24,10000,3060,Access
as5835-54t-1,Ethernet24,str-as5812-54t-01,Ethernet 1/25,10000,3061,Access
as5835-54t-1,Ethernet25,str-as5812-54t-01,Ethernet 1/26,10000,3062,Access
as5835-54t-1,Ethernet26,str-as5812-54t-01,Ethernet 1/27,10000,3063,Access
as5835-54t-1,Ethernet27,str-as5812-54t-01,Ethernet 1/28,10000,3064,Access
as5835-54t-1,Ethernet28,str-as5812-54t-01,Ethernet 1/29,10000,3065,Access
as5835-54t-1,Ethernet29,str-as5812-54t-01,Ethernet 1/30,10000,3066,Access
as5835-54t-1,Ethernet30,str-as5812-54t-01,Ethernet 1/31,10000,3067,Access
as5835-54t-1,Ethernet31,str-as5812-54t-01,Ethernet 1/32,10000,3068,Access
as5835-54t-1,Ethernet32,str-as5812-54t-01,Ethernet 1/33,10000,3069,Access
as5835-54t-1,Ethernet33,str-as5812-54t-01,Ethernet 1/34,10000,3070,Access
as5835-54t-1,Ethernet34,str-as5812-54t-01,Ethernet 1/35,10000,3071,Access
as5835-54t-1,Ethernet35,str-as5812-54t-01,Ethernet 1/36,10000,3072,Access
as5835-54t-1,Ethernet36,str-as5812-54t-01,Ethernet 1/37,10000,3073,Access
as5835-54t-1,Ethernet37,str-as5812-54t-01,Ethernet 1/38,10000,3074,Access
as5835-54t-1,Ethernet38,str-as5812-54t-01,Ethernet 1/39,10000,3075,Access
as5835-54t-1,Ethernet39,str-as5812-54t-01,Ethernet 1/40,10000,3076,Access
as5835-54t-1,Ethernet40,str-as5812-54t-01,Ethernet 1/41,10000,3077,Access
as5835-54t-1,Ethernet41,str-as5812-54t-01,Ethernet 1/42,10000,3078,Access
as5835-54t-1,Ethernet42,str-as5812-54t-01,Ethernet 1/43,10000,3079,Access
as5835-54t-1,Ethernet43,str-as5812-54t-01,Ethernet 1/44,10000,3080,Access
as5835-54t-1,Ethernet44,str-as5812-54t-01,Ethernet 1/45,10000,3081,Access
as5835-54t-1,Ethernet45,str-as5812-54t-01,Ethernet 1/46,10000,3082,Access
as5835-54t-1,Ethernet46,str-as5812-54t-01,Ethernet 1/47,10000,3083,Access
as5835-54t-1,Ethernet47,str-as5812-54t-01,Ethernet 1/48,10000,3084,Access
as5835-54t-1,Ethernet48,str-aos7710-59,Ethernet 1/21,100000,3085,Access
as5835-54t-1,Ethernet52,str-aos7710-59,Ethernet 1/22,100000,3086,Access
as5835-54t-1,Ethernet56,str-aos7710-59,Ethernet 1/23,100000,3087,Access
as5835-54t-1,Ethernet60,str-aos7710-59,Ethernet 1/24,100000,3088,Access
as5835-54t-1,Ethernet64,str-aos7710-59,Ethernet 1/25,100000,3089,Access
as5835-54t-1,Ethernet68,str-aos7710-59,Ethernet 1/26,100000,3090,Access
str-aos7710-54,Ethernet 1/27,str-as5812-54t-01,Ethernet 1/49,40000,3037-3090,Trunk

as5835-54t-2,Ethernet0,str-as5812-54t-02,Ethernet 1/1,10000,3091,Access
as5835-54t-2,Ethernet1,str-as5812-54t-02,Ethernet 1/2,10000,3092,Access
as5835-54t-2,Ethernet2,str-as5812-54t-02,Ethernet 1/3,10000,3093,Access
as5835-54t-2,Ethernet3,str-as5812-54t-02,Ethernet 1/4,10000,3094,Access
as5835-54t-2,Ethernet4,str-as5812-54t-02,Ethernet 1/5,10000,3095,Access
as5835-54t-2,Ethernet5,str-as5812-54t-02,Ethernet 1/6,10000,3096,Access
as5835-54t-2,Ethernet6,str-as5812-54t-02,Ethernet 1/7,10000,3097,Access
as5835-54t-2,Ethernet7,str-as5812-54t-02,Ethernet 1/8,10000,3098,Access
as5835-54t-2,Ethernet8,str-as5812-54t-02,Ethernet 1/9,10000,3099,Access
as5835-54t-2,Ethernet9,str-as5812-54t-02,Ethernet 1/10,10000,3100,Access
as5835-54t-2,Ethernet10,str-as5812-54t-02,Ethernet 1/11,10000,3101,Access
as5835-54t-2,Ethernet11,str-as5812-54t-02,Ethernet 1/12,10000,3102,Access
as5835-54t-2,Ethernet12,str-as5812-54t-02,Ethernet 1/13,10000,3103,Access
as5835-54t-2,Ethernet13,str-as5812-54t-02,Ethernet 1/14,10000,3104,Access
as5835-54t-2,Ethernet14,str-as5812-54t-02,Ethernet 1/15,10000,3105,Access
as5835-54t-2,Ethernet15,str-as5812-54t-02,Ethernet 1/16,10000,3106,Access
as5835-54t-2,Ethernet16,str-as5812-54t-02,Ethernet 1/17,10000,3107,Access
as5835-54t-2,Ethernet17,str-as5812-54t-02,Ethernet 1/18,10000,3108,Access
as5835-54t-2,Ethernet18,str-as5812-54t-02,Ethernet 1/19,10000,3109,Access
as5835-54t-2,Ethernet19,str-as5812-54t-02,Ethernet 1/20,10000,3110,Access
as5835-54t-2,Ethernet20,str-as5812-54t-02,Ethernet 1/21,10000,3111,Access
as5835-54t-2,Ethernet21,str-as5812-54t-02,Ethernet 1/22,10000,3112,Access
as5835-54t-2,Ethernet22,str-as5812-54t-02,Ethernet 1/23,10000,3113,Access
as5835-54t-2,Ethernet23,str-as5812-54t-02,Ethernet 1/24,10000,3114,Access
as5835-54t-2,Ethernet24,str-as5812-54t-02,Ethernet 1/25,10000,3115,Access
as5835-54t-2,Ethernet25,str-as5812-54t-02,Ethernet 1/26,10000,3116,Access
as5835-54t-2,Ethernet26,str-as5812-54t-02,Ethernet 1/27,10000,3117,Access
as5835-54t-2,Ethernet27,str-as5812-54t-02,Ethernet 1/28,10000,3118,Access
as5835-54t-2,Ethernet28,str-as5812-54t-02,Ethernet 1/29,10000,3119,Access
as5835-54t-2,Ethernet29,str-as5812-54t-02,Ethernet 1/30,10000,3120,Access
as5835-54t-2,Ethernet30,str-as5812-54t-02,Ethernet 1/31,10000,3121,Access
as5835-54t-2,Ethernet31,str-as5812-54t-02,Ethernet 1/32,10000,3122,Access
as5835-54t-2,Ethernet32,str-as5812-54t-02,Ethernet 1/33,10000,3123,Access
as5835-54t-2,Ethernet33,str-as5812-54t-02,Ethernet 1/34,10000,3124,Access
as5835-54t-2,Ethernet34,str-as5812-54t-02,Ethernet 1/35,10000,3125,Access
as5835-54t-2,Ethernet35,str-as5812-54t-02,Ethernet 1/36,10000,3126,Access
as5835-54t-2,Ethernet36,str-as5812-54t-02,Ethernet 1/37,10000,3127,Access
as5835-54t-2,Ethernet37,str-as5812-54t-02,Ethernet 1/38,10000,3128,Access
as5835-54t-2,Ethernet38,str-as5812-54t-02,Ethernet 1/39,10000,3129,Access
as5835-54t-2,Ethernet39,str-as5812-54t-02,Ethernet 1/40,10000,3130,Access
as5835-54t-2,Ethernet40,str-as5812-54t-02,Ethernet 1/41,10000,3131,Access
as5835-54t-2,Ethernet41,str-as5812-54t-02,Ethernet 1/42,10000,3132,Access
as5835-54t-2,Ethernet42,str-as5812-54t-02,Ethernet 1/43,10000,3133,Access
as5835-54t-2,Ethernet43,str-as5812-54t-02,Ethernet 1/44,10000,3134,Access
as5835-54t-2,Ethernet44,str-as5812-54t-02,Ethernet 1/45,10000,3135,Access
as5835-54t-2,Ethernet45,str-as5812-54t-02,Ethernet 1/46,10000,3136,Access
as5835-54t-2,Ethernet46,str-as5812-54t-02,Ethernet 1/47,10000,3137,Access
as5835-54t-2,Ethernet47,str-as5812-54t-02,Ethernet 1/48,10000,3138,Access
as5835-54t-2,Ethernet48,str-aos7710-59,Ethernet 1/27,100000,3139,Access
as5835-54t-2,Ethernet52,str-aos7710-59,Ethernet 1/28,100000,3140,Access
as5835-54t-2,Ethernet56,str-aos7710-59,Ethernet 1/29,100000,3141,Access
as5835-54t-2,Ethernet60,str-aos7710-59,Ethernet 1/30,100000,3142,Access
as5835-54t-2,Ethernet64,str-aos7710-59,Ethernet 1/31,100000,3143,Access
as5835-54t-2,Ethernet68,str-aos7710-59,Ethernet 1/32,100000,3144,Access
str-aos7710-54,Ethernet 1/29,str-as5812-54t-02,Ethernet 1/49,40000,3091-3144,Trunk
